,0
0,Karakas Emel
1,Goksel Ferdi
2,Kirlioglu Hilmi
3,Onder Mehmet
4,Unsaldi Levent
5,Karacan Hasan
6,Akman Halil
7,Eroglu Hayrettin
8,Dincer Furkan
9,Fadillioglu Ersin
10,Ogretmen Fatih
11,Ozdinc Fuat
12,Celebioglu Fatih
13,Armutcu Ferah
14,Oz Ahmet
15,Tosun Hamza
16,Ocal Fatih
17,Basciftci Faruk
18,Elitas Cemal
19,Yazici Engin
20,Oksuz Huseyin
21,Bakir Esengul
22,Ozyurtkan Mehmet
23,Dagdelen Ayhan
24,Ikbal Mevlut
25,Ekin Ali
26,Buyukaslan Hasan
27,Gogebakan Bulent
28,Talay Fahrettin
29,Tokuc Caner
30,Akpinar Abdullah
31,Gungor Adem
32,Peker Erdal
33,Savran Bircan
34,Savas Esen
35,Catir Fulya
36,Guler Metin
37,Seyhan Beyazit
38,Omur Faik
39,Yigit Ayse
40,Bedir Ahmet
41,Soyoral Lokman
42,Kayhan Fatih
43,Savas Haluk
44,Inci Mehmet
45,Soyut Hakan
46,Yazici Mehmet
47,Kocabas Fikret
48,Gur Aycan
49,Durmusoglu Atiye
50,Sahin Levent
51,Arslan Demet
52,Cetin Esat
53,Tanriverdi Hakan
54,Karadag Adil
55,Sahbaz Cafer
56,Gundogdu Cemal
57,Ozdeniz Abdulhadi
58,Kir Mehmet
59,Ulukan Mehmet
60,Firat Elif
61,Nebioglu Mehmet
62,Kirac Fatih
63,Deringoz Ayse
64,Kilic Mehmet
65,Ertuc Huseyin
66,Yavuz Bulent
67,Kacan Erdal
68,Kucukdurmaz Alper
69,Arasoglu Ali
70,Akcay Emrah
71,Gezer Kutret
72,Onen Huseyin
73,Yaman Melda
74,Cagli Bekir
75,Bal Abdullah
76,Tan Enes
77,Ulukoy Metin
78,Cevik Filiz
79,Karakas Mehmet
80,Kilbas Benan
81,Akkose Mehmet
82,Ari Atem
83,Halat Erdogan
84,Ulu Melike
85,Ustun Abdullah
86,Tatar Enver
87,Mermerkaya Hamit
88,Dogan Hakan
89,Bulut Mehmet
90,Ozbay Bulent
91,Var Ahmet
92,Sever Ali
93,Erden Ersin
94,Seker Guven
95,Isik Bunyamin
96,Malkoc Meral
97,Koca Burcu
98,Tetin Mehmet
99,Citil Burak
100,Duru Mehmet
101,Dogan Mevlut
102,Cayir Celal
103,Gultekin Ahmet
104,Isik Memet
105,Erdogan Elif
106,Topal Hanife
107,Cetisli Bayram
108,Dirlikyapan Jale
109,Yaykasli Kursat
110,Saral Hasan
111,Akyildirim Erdinc
112,Ozhan Hakan
113,Ekici Eran
114,Tok Adem
115,Inan Halil
116,Kiris Abdulkadir
117,Balkanlioglu Mehmet
118,Yigit Alper
119,Kocamaz Erdogan
120,Sunger Ercan
121,Karakoc Emine
122,Sarici Kazim
123,Gultekin Kubra
124,Yavuz Lutfullah
125,Uygun Mehmet
126,Gedik Kadir
127,Agpak Kursad
128,Taser Figen
129,Can Emre
130,Kurbanoglu Cahit
131,Elbey Mehmet
132,Yagiz Dursun
133,Ciglik Hikmet
134,Balcioglu Ercan
135,Karatas Adem
136,Solak Mehmet
137,Soyucok Etem
138,Yasemin Mehmet
139,Sozen Hamdi
140,Sahin Hakan
141,Buyukbozdugan Mahmut
142,Bunarcioglu Durmus
143,Mutlu Hasan
144,Demirkol Ayhmet
145,Birgun Mahmut
146,Oruc Cem
147,Altinel Levent
148,Kargi Ertugrul
149,Bal Ali
150,Kilavuz Bulent
151,Turkmen Hasan
152,Kilic Bulent
153,Tekbas Guven
154,Oflaz Huseyin
155,Kurnaz Fatih
156,Yildirim Mehmet
157,Karatas Bekir
158,Kursun Ali
159,Sahin Dursun
160,Yaman Mehmet
161,Karatepe Akif
162,Sengul Abdullah
163,Aytekin Metin
164,Incebacak Davut
165,Kahraman Ahmet
166,Polat Cihat
167,Nesliturk Ali
168,Dikbiyik Ferhat
169,Mengeloglu Firat
170,Genc Lutfi
171,Gur Alim
172,Karakas Fatih
173,Firinci Fatih
174,Arslan Fahrettin
175,Tanc Halil
176,Ucgun Ercan
177,Cali Hasan
178,Irgin Celal
179,Akbulut Metin
180,Demirci Halil
181,Aydin Leyla
182,Yildirim Ali
183,Zeren Cem
184,Bozkurt Hasan
185,Ardiclioglu Mehmet
186,Sungu Hilmi
187,Comez Fatih
188,Inalcik Abdullah
189,Ermis Bahri
190,Bulbul Feridun
191,Yucel Mehmet
192,Alpkaya Ayse
193,Colak Esra
194,Degirmenci Hakan
195,Ozdamar Gokhan
196,Erkan Melih
197,Serin Gokhan
198,Acat Mehmet
199,Karadas Celalettin
200,Kaya Mehmet
201,Kayisiz Kenan
202,Ertekin Alaattin
203,Tercan Fahri
204,Gumus Aziz
205,Asmali Mehmet
206,Yeniterzi Mehmet
207,Abuhandan Mahmut
208,Pazarlioglu Mehmet
209,Celik Firat
210,Uz Efkan
211,Meric Gursoy
212,Camci Meral
213,Demir Haci
214,Cansunar Hatice
215,Fidan Fatma
216,Pos Abdullah
217,Aynali Ayse
218,Demirkiran Davut
219,Zorbaz Kemal
220,Sezan Hatice
221,Calgan Mehmet
222,Genc Ernur
223,Gonel Husein
224,Kildan Abdullah
225,Ulman Burak
226,Caman Mehmet
227,Koc Bunyamin
228,Cekin Abdulkadir
229,Celik Erol
230,Kalender Mehmet
231,Gencer Meryem
232,Alan Bircan
233,Gumus Huseyin
234,Duran Fatih
235,Gurkan Mehmet
236,Sahin Cemil
237,Selcuk Ayhan
238,Coban Mehmet
239,Akkoyun Dursun
240,Ayan Mehmet
241,Cikman Aytekin
242,Ozkan Filiz
243,Kizilkan Ayse
244,Ozogul Bunyami
245,Kilkis Dogan
246,Karakas Eser
247,Sivasli Ercan
248,Erzurumluoglu Ali
249,Bulut Ahmet
250,Okur Aylin
251,Yayla Ahmet
252,Bora Aydin
253,Ercelik Hasan
254,Soylemez Haluk
255,Oksuz Adil
256,Baltaci Davut
257,Aslan Adnan
258,Beydilli Halil
259,Ayhan Mediha
260,Alben Mesut
261,Karaoglu Mevlut
262,Dursun Ali
263,Bingolbali Erhan
264,Tavil Emine
265,Ozen Hilal
266,Bayraktar Hasan
267,Nacar Ahmet
268,Arican Mehmet
269,Universityer Mehmet
270,Polat Ediz
271,Cetin Hakan
272,Agir Ahme
273,Buyukhatipoglu Hakan
274,Senol Fazil
275,Toksen Erol
276,Aksay Kadir
277,Gunok Emrah
278,Duran Ahmet
279,Aydin Hamdi
280,Avci Mehmet
281,Kasli Mehmet
282,Gunes Alime
283,Tellioglu Ayda
284,Guntekin Ergun
285,Oz Bulent
286,Turalioglu Fatma
287,Kahraman Mehmet
288,Sahman Halil
289,Ibicioglu Hasan
290,Kiziltunc Hukmi
291,Yagmur Fatih
292,Buyukoglan Hakan
293,Niyazioglu Fatma
294,Sahin Ali
295,Colakoglu Mehmet
296,Akpinar Goksan
297,Agladioglu Kadir
298,Ilgen Aldulkadir
299,Chifane Liviu Augustin
300,Ural Abdullah
301,Yuce Hasan
302,Bayraktar Bediz
303,Bayir Hakan
304,Erdener Eda
305,Bulut Gulay
306,Bakkal Hidayet
307,Ceylan Kadir
308,Tarikulu Abdullah
309,Gurses Didem
310,Kurdoglu Mertihan
311,Kelesoglu Erhan
312,Bay Ali
313,Ozbay Can
314,Bayir Erdal
315,Tasci Haci
316,Koksal Bayram
317,Keceli Arif
318,Kars Meltem
319,Ozkan Muammed
320,Arslan Bahriye
321,Delice Engin
322,Guney Atilla
323,Emre Habib
324,Tekinay Ayse
325,Melek Mehmet
326,Dizkirici Ahmet
327,Erden Gonul
328,Aslan Lokman
329,Kurnaz Aysegul
330,Demircioglu Aytekin
331,Minareci Edibe
332,Erdogan Hasan
333,Bagci Cahit
334,Kozan Ali
335,Soy Haci
336,Gokgoz Ahmet
337,Imat Fatih
338,Atas Cesim
339,Davutoglu Mehmet
340,Ertekin Ayfer
341,Gilgil Erdal
342,Baytak Ahmet
343,Celik Fatih
344,Yucel Gercek
345,Taspinar Haci
346,Acar Gurkan
347,Aytekin Ali
348,Goral Mehmet
349,Akarsubasi Alper
350,Tanyeri Buket
351,Dursun Bahtiyar
352,Turgut Gunfer
353,Gundogdu Fatma
354,Salli Ali
355,Uysal Elif
356,Karadeniz Ali
357,Seker Betul
358,Ozyurt Huseyin
359,Toktas Cihan
360,Ozyalvacli Gulzade
361,Zengin Eyup
362,Hamidi Mehmet
363,Kuyumcu Mehmet
364,Kutlar Gokhan
365,Ulutin Hasan
366,Kurt Ayse
367,Sari Kamran
368,Demir Cengiz
369,Kayci Lokman
370,Gul Mehmet
371,Aydin Hatip
372,Ucan Kenan
373,Kanbur Mehmet
374,Gunes Fahri
375,Vural Mehmet
376,Sozer Mehmet
377,Gunay Banihan
378,Telef Bulent
379,Sari Erhan
380,Eren Adem
381,Kurt Hasan
382,Aras Mevlut
383,Kara Levent
384,Onder Feyyaz
385,Kahyaoglu Mehmet
386,Karabiber Mehmet
387,Yilmaz Harun
388,Ucar Faruk
389,Yildirim Halil
390,Akcay Ahmet
391,Gorur Mesut
392,Aydin Ali
393,Ozpinar Gul
394,Tatlioglu Durmus
395,Arbatli Mehmet
396,Bayram Fatih
397,Cakmak Haci
398,Arabul Mahmut
399,Delen Erhan
400,Ucok Kagan
401,Cakmak Ebubekir
402,Uslu Enver
403,Buyukguclu Mehmet
404,Sen Bilge
405,Kisacik Bunyamin
406,Celiksoz Ali
407,Dogan Cabir
408,Cetinkaya Ahmet
409,Caliskan Halil
410,Davas Hediye
411,Altinoluk Bulnet
412,Erdinc Ahmet
413,Mete Emin
414,Yildirim Bulent
415,Okay Aydemir
416,Yucel Kivilcim
417,Ayac Ahme
418,Ozcan Ali
419,Izgi Kenan
420,Baslar Mehmet
421,Tergip Ayhan
422,Cetinkaya Melek
423,Sahin Ahmet
424,Ozturk Abdurahman
425,Ili Mehmet
426,Yilmaz Faruk
427,Toker Aysun
428,Uzunoglu Mehmet
429,Ornek Kemal
430,Temel Metin
431,Cobanoglu Bulent
432,Simavli Huseyin
433,Koc Eyup
434,Ulu Arif
435,Ozatagan Guldem
436,Sen Gul
437,Akin Hatice
438,Kaya Huseyin
439,Uz Burak
440,Nacar Alper
441,Deveci Metin
442,Karaca Halit
443,Keskin Ahmet
444,Kilinc Halil
445,Biyik Ahmet
446,Aslan Hasbi
447,Ozturk Bora
448,Temiz Ahmet
449,Demir Cuneyt
450,Mertcan Hakan
451,Usta Keziban
452,Sahin Eylem
453,Solak Ali
454,Kandis Hayati
455,Alpsoy Huseyin
456,Senol Ali
457,Ayyildiz Eyup
458,Yildirim Fatih
459,Rathke Leyla
460,Ergin Emel
461,Savik Emin
462,Sen Hacer
463,Palabiyik Hamit
464,Bal Hasan
465,Akinlar Cuneyt
466,Umrul Mehmet
467,Aytekin Ahmet
468,Tuncer Abdullah
469,Kaya Fatih
470,Comak Emre
471,Sarac Cem
472,Koyuncu Hulya
473,Kahraman Cuneyt
474,Bendes Emre
475,Sancak Emre
476,Ucal Halil
477,Kaplan Hasan
478,Usak Esma
479,Evrengul Havva
480,Aktas Ali
481,Kirbas Aynur
482,Jr Clyde
483,Akcay Fatih
484,Alpak Gokay
485,Tunay Kamil
486,Demirel Fatma
487,Akin Lemi
488,Tekbas Ebru
489,Aydogan Fusun
490,Akturk Levent
491,Toy Ebubekir
492,Aksoy Adnan
493,Boyaci Fatima
494,Unal Halil
495,Budak Ali
496,Yonem Ahmet
497,Zkan Mahmut
498,Ekizer Abdullah
499,Toy Hatice
500,Dogan Gulnihal
501,Sandir Hakan
502,Erdem Ali
503,Turan Bunyamin
504,Gunbey Emre
505,Sezgin Ayse
506,Karayel Mete
507,Kaptanoglu Cem
508,Kucukyilmaz Kamil
509,Pasinli Ahmet
510,Bozkurt Eshabil
511,Ornek Ahmet
512,Genc Asir
513,Ilhan Atilla
514,Oguzturk Burcu
515,Ozman Ferhat
516,Bayram Mehmet
517,Aysev Ahmet
518,Temizer Aydin
519,Gurkan Cihat
520,Metineren Hasan
521,Gungor Hasan
522,Aktas Bekir
523,Erdogan Hidayet
524,Celikbilek Asuman
525,Turhan Ahmet
526,Baslar Kemal
527,Arslan Mehmet
528,Sarman Hakan
529,Yildiz Bekir
530,Yerdelen Kadir
531,Ugurlu Esma
532,Aktas Alaattin
533,Kirkboga Kadir
534,Un Adem
535,Yuksekkaya Mehmet
536,Duru Bulent
537,Dikici Bunyamin
538,Bulut Kenan
539,Alkan Ali
540,Duvan Ahmet
541,Aksakal Ercument
542,Yuksekkaya Hasan
543,Asci Baris
544,Tan Kadir
545,Annagur Bilge
546,Ozkuk Gokan
547,Bal Mehmet
548,Eken Cenker
549,Celik Cemil
550,Sengul Ahmet
551,Cetin Firdevs
552,Yeniceri Harun
553,Degerliyurt Mehmet
554,Kaytaz Ali
555,Dokuzoglu Mehmet
556,Kentli Fulya
557,Kilinc Emin
558,Dama Davut
559,Kavas Erkan
560,Sogut Ayhan
561,Nalbantcilar Mahmut
562,Topkara Adem
563,Tuncel Hayrettin
564,Cantekin Kenan
565,Onder Akin
566,Herken Emine
567,Bulgan Erdal
568,Muftuoglu Ali
569,Zengin Halit
570,Merhan Aziz
571,Kadayifci Abdurrahman
572,Cingu Abdullah
573,Denk Affan
574,Tahan Erhan
575,Besir Fahri
576,Ince Kayhan
577,Yuksel Fatih
578,Coyan Kenan
579,Saglam Derya
580,Cebe Fatma
581,Teres Ersin
582,Ozturk Abdulkadir
583,Yildirim Askin
584,Avci Ali
585,Ulvi Hizir
586,Sonmezgoz Fitnet
587,Atik Bekir
588,Ozel Erdogan
589,Ozdemir Funda
590,Tekinay Ahmet
591,Aktan Ali
592,Yaman Ferda
593,Bozkurt Durmus
594,Dogan Didem
595,Sogut Erkan
596,Ciftci Mehmet
597,Mavili Ertugrul
598,Yilmaz Kadir
599,Tuncer Faruk
600,Erem Cihangir
601,Oncel Ali
602,Caglaya Kasim
603,Yenidunya Ahmet
604,Bulbul Cemil
605,Yesilyurt Cemal
606,Ozcan Erdal
607,Herken Hasan
608,Senoguz Hatice
609,Sarici Gulben
610,Ozsunar Erdal
611,Gurbuz Meral
612,Tetikoglu Mehmet
613,Karaagac Mehmet
614,Kutukcu Mehmet
615,Aydogan Akin
616,Koklukaya Etem
617,Kara Adem
618,Erdem Engin
619,Dagdas Ahmet
620,Aras Erdal
621,Gultekin Erdogan
622,Yilmaz Haci
623,Yazar Harun
624,Ipek Arif
625,Eryilmaz Aytekin
626,Goknar Hulya
627,Coskun Menderes
628,Sevindik Hakan
629,Ozturk Esra
630,Kara Cemil
631,Karakurt Lokman
632,Cicek Ersan
633,Metin Erhan
634,Kaderli Berkant
635,Ertas Huseyin
636,Koc Akif
637,Basaran Bulent
638,Dulger Hasan
639,Oz Fahri
640,Selimoglu Figen
641,Ergoren Hilmi
642,Akyol Mahmut
643,Kilicarslan Alpaslan
644,Kacan Erkan
645,Akbas Kasim
646,Tuzcu Esra
647,Korkmaz Huseyin
648,Topcu Eral
649,Akcakoca Hamdi
650,Bulgurcu Huseyin
651,Kart Hasan
652,Asik Gulsah
653,Koca Guler
654,Kayikci Gulsen
655,Boyacioglu Fuat
656,Yargic Lutfi
657,Tekin Ali
658,Isik Birhan
659,Yazmalar Levent
660,Kurt Aysel
661,Lebe Fuat
662,Boz Erdogan
663,Varoglu Erhan
664,Ozel Ali
665,Gul Adem
666,Erol Ahmet
667,Tekkoyun Mehmet
668,Bekler Adem
669,Bicici Hur
670,Kalender Ebuzer
671,Oturanc Galip
672,Ocal Adem
673,Kaya Asli
674,Ozdin Kamil
675,Ata Ahmet
676,Ulus Ahmet
677,Yildiz Bilal
678,Polat Aytekin
679,Kaba Metin
680,Colak Mehmet
681,Ucar Ahmet
682,Kalkan Aysegul
683,Ulu Ayse
684,Ensar Ferhat
685,Erdinc Bahattin
686,Kiremitci Baris
687,Yildiz Harun
688,Muftuoglu Ahmet
689,Kara Bilge
690,Karsli Abdurrahim
691,Satilmis Hasan
692,Kizilci Mehmet
693,Dundar Ahmet
694,Bozkurt Elife
695,Seydi Ali
696,Aksu Eren
697,Irkicatal Eftal
698,Karabulut Aysun
699,Icten Bulent
700,Gurbuz Mehmet
701,Guner Mehmet
702,Yilmaz Hava
703,Ayduz Davut
704,Kaya Lilufer
705,Mutlu Fatih
706,Caniyilmaz Erdal
707,Kaymaz Haci
708,Tok Guler
709,Coban Harun
710,Gumrah Kadir
711,Yaman Huseyin
712,Oran Bulent
713,Kursun Gunal
714,Karagoz Kasim
715,Aslan Huseyin
716,Uludag Ayseul
717,Hamidi Cihad
718,Ceyhan Ali
719,Karabiber Fethullah
720,Kumru Mehmet
721,Bucaktepe Adil
722,Avci Asli
723,Kiremitci Abdurrahman
724,Sarikurkcu Cengiz
725,Bakan Hakan
726,Demir Gozde
727,Guney Ayhan
728,Gulez Kayhan
729,Ozdemir Huseyin
730,Gazioglu Gurkan
731,Yazici Hilmi
732,Bulut Emrah
733,Karakus Emre
734,Yilmaz Haudai
735,Altun Hakan
736,Kara Hatibe
737,Koca Havva
738,Demireli Cemalettin
739,Yazici Huseyin
740,Dogru Bulent
741,Keskin Ali
742,Coskun Ali
743,Kamci Hamdi
744,Nart Ergun
745,Erzurumluoglu Bayram
746,Surucu Ahmet
747,Karapazarlioglu Ersin
748,Ozbilge Hatice
749,Cetin Hayrullah
750,Halac Metin
751,Caglayan Emel
752,Kablamaci Ahsen
753,Yuksel Melih
754,Gumuscu Ahhmet
755,Balkan Ayse
756,Bozkurt Fatma
757,Tanik Feride
758,Saritas Baki
759,Tanriverdi Mehmet
760,Yavsan Durdu
761,Ozugurlu Aynur
762,Akbas Ahmet
763,Sahan Leyla
764,Ozdemir Ali
765,Gurbuz Bilal
766,Yildizhan Hasan
767,Saritas Fevzi
768,Garipardic Mesut
769,Catalbas Bulent
770,Ozyilmaz Adnan
771,Aslantas Ali
772,Burunguz Mehmet
773,Ozcan Durdu
774,Yavuz Guler
775,Altinyazar Hilmi
776,Aydogan Harun
777,Ozdemir Asur
778,Yeksan Mehdi
779,Kayhan Huseyin
780,Isa Kadir
781,Gunay Burcu
782,Yilmaz Metin
783,Bozkurt Esat
784,Kurt Beyza
785,Kesici Mehmet
786,Petik Bulent
787,Yener Mahmut
788,Dayik Mehmet
789,Kutuk Mehmet
790,Sen Halil
791,Borekci Abdurrezzak
792,Pektezel Halid
793,Uzun Ertugrul
794,Basaran Engin
795,Sengun Abdulkadir
796,Kahveci Kucuk
797,Yaman Erkan
798,Alacali Mehmet
799,Yalinkilic Baris
800,Ata Haci
801,Kenar Fethullah
802,Buker Hasan
803,Gisi Erdal
804,Sarac Aysegul
805,Ozdamar Mehmet
806,Malkoc Emine
807,Zencir Mehmet
808,Tarhan Devrim
809,Bozoglan Bahadir
810,Duzenli Gursel
811,Gurbuzler Levent
812,Sahpaz Fatih
813,Uzgel Elcin
814,Sakar Gurkan
815,Erkut Adem
816,Polat Efdal
817,Bilici Aslan
818,Nart Maruf
819,Kara Ekrem
820,Yildirim Ahmet
821,Cetin Altan
822,Tatar Mehtap
823,Gencer Baran
824,Kilicaslan Erdogan
825,Yar Fatih
826,Korkmaz Himmet
827,Hekim Hakan
828,Altunkas Fatih
829,Eker Hasan
830,Acilar Ali
831,Sarnel Haldun
832,Erden Kadriye
833,Okumus Ahmet
834,Koroglu Mehmet
835,Hattatoglu Fatih
836,Aksoy Hulya
837,Haktanir Alpay
838,Ozyalvacli Mehmet
839,Savas Bilal
840,Koizhaiganova Meruyert
841,Catal Mehmet
842,Dasci Mahmut
843,Uz Ebru
844,Okuyucu Ali
845,Ozkul Kubra
846,Yesilay Aytekin
847,Nalin Halime
848,Eleren Ali
849,Ozturk Faruk
850,Borazan Hale
851,Tunc Aziz
852,Sahin Canay
853,Gulhan Baris
854,Sari Gozde
855,Tarman Bulent
856,Guven Erdem
857,Unal Emrah
858,Calis Hakan
859,Sancaktutar Ahmet
860,Koan Mesut
861,Deligoz Hasalettin
862,Altan Gurkan
863,Karahan Alper
864,Karaduz Adnan
865,Kunt Halil
866,Kabadayi Burhan
867,Canatan Halit
868,Kaya Ahmet
869,Ertas Ahmet
870,Coskun Fatih
871,Ucar Mehmet
872,Ozdemir Bulent
873,Akdeniz Celal
874,Yildirim Eren
875,Piinar Ahmet
876,Ogut Adem
877,Korucu Demet
878,Yildirim Cihan
879,Seckin Abdullah
880,Altintas Ahmet
881,Erbilgin Evrim
882,Kusgoz Adem
883,Altuntas Bayram
884,Guclu Dunyamin
885,Usta Ayhan
886,Cosar Emine
887,Ustyol Lokman
888,Sirikci Akif
889,Bulcun Emel
890,Balaban Hatice
891,Kilic Ahmet
892,Karakus Kadir
893,Basak Cengiz
894,Akbulut Mehmet
895,Gurel Cem
896,Unal Deniz
897,Erisik Huseyin
898,Alpayci Mahmut
899,Eskikurt Halil
900,Bayramlar Huseyin
901,Durak Ahmet
902,Mumyakmaz Bekir
903,Kalkan Habil
904,Bostan Mehmet
905,Camas Anil
906,Ercan Ertugrul
907,Baltaci Cemal
908,Tokat Deniz
909,Sarac Hanifi
910,Polat Aziz
911,Yonden Arzu
912,Ozel Lutfi
913,Artis Aise
914,Ari Ercan
915,Mercan Mehmet
916,Yordem Abdullah
917,Yildiz Esma
918,Cakildere Bekir
919,Ucak Haydar
920,Guzel Mahmut
921,Unal Burhan
922,Izgi Banu
923,Yalcin Ali
924,Cetin Eyup
925,Altan Banu
926,Kantarci Fatih
927,Oral Kursat
928,Erdal Mesut
929,Demircioglu Fatih
930,Akkaya Levent
931,Akin Mehmet
932,Gumus Metehan
933,Celik Akin
934,Albayrak Enver
935,Erbag Gokhan
936,Baylar Ahmet
937,Keten Alper
938,Ozcan Mehmet
939,Erol Mehmet
940,Kara Erdal
941,Solak Adem
942,Turker Mehmet
943,Saglam Erdl
944,Ekici Kemal
945,Songur Ahmet
946,Ozpinar Celal
947,Yarar Betul
948,Boran Halis
949,Tak Hasan
950,Sobaci Gungor
951,Kara Emin
952,Erdemir Lokman
953,Akbulut Halim
954,Akar Engin
955,Sefil Fatih
956,Erdem Mehmet
957,Kafali Hasan
958,Demirozu Mevlut
959,Durmusoglu Ertan
960,Rifaioglu Emine
961,Aypay Ahmet
962,Gologlu Cevdet
963,Ozcerit Ahmet
964,Begenik Huseyin
965,Baykara Haci
966,Akcay Hakan
967,Acemoglu Hamit
968,Tuzcu Mehmet
969,Bayraktar Ahmet
970,Guzeloglu Aydin
971,Berkdemir Cuneyt
972,Sahin Kemal
973,Ince Cengiz
974,Sevinc Alper
975,Ceylan Adnan
976,Erdil Abdullah
977,Kamak Gulen
978,Kaya Harun
979,Ozdemir Davut
980,Ayas Cemalettin
981,Asan Gunes
982,Gunduz Erol
983,Arslan Ali
984,Kavas Huseyin
985,Karatas Dura
986,Selcuk Engin
987,Ersoy Ertan
988,Kurt Huseyin
989,Artis Abdusselam
990,Akcicek Ekrem
991,Uludag Ahmet
992,Ficici Ferit
993,Demirtas Hakan
994,Cavdar Emre
995,Gergerlioglu Hasan
996,Rifaioglu Mehmet
997,Ozer Hasan
998,Ekinci Afra
999,Topcu Birkan
1000,Biber Erdal
1001,Cetin Dogan
1002,Esen Huseyin
1003,Ozturk Fatih
1004,Ugu Abdulhadi
1005,Boruban Melih
1006,Gurel Ahmet
1007,Aypek Mahmut
1008,Yula Erkan
1009,Ozgen Ferhat
1010,Ok Kerem
1011,Kunduracioglu Ahmet
1012,Ozenoglu Aliye
1013,Akmaz Hakan
1014,Cilgi Gulbanu
1015,Ulucan Hakan
1016,Ekici Fatih
1017,Turkmen Durmus
1018,Kan Kadir
1019,Yilmaz Mehmet
1020,Cure Medine
1021,Korucu Mehtap
1022,Inan Hatice
1023,Inci Melek
1024,Karakaya Fuat
1025,Turkcu Fatih
1026,Kucuk Harun
1027,Iskurt Ali
1028,Cig Eylem
1029,Dagli Mahmut
1030,Orenc Asir
1031,Ceviz Mehmet
1032,Ozdemiroglu Filiz
1033,Hocaoglu Emre
1034,Sengul Melike
1035,Howison Ayse
1036,Kilicer Fatma
1037,Bayindir Mehmet
1038,Cavdar Ahmet
1039,Demir Ahmet
1040,Tikici Mehmet
1041,Erdogan Mehmet
1042,Bulbul Ferdi
1043,Turgut Huseyin
1044,Bagcioglu Erman
1045,Sagiroglu Ayse
1046,Okur Hamit
1047,Mete Mehmet
1048,Durucu Cengiz
1049,Bulbul Ferhat
1050,Cankaya Hasan
1051,Unal Leyla
1052,Onal Ali
1053,Yuksel Hatice
1054,Acarturk Ertugrul
1055,Kok Mehmet
1056,Ilhan Azime
1057,Tuncer Cemal
1058,Ozkan Adem
1059,Temiz Bilal
1060,Sozutok Bunyamin
1061,Seker Askin
1062,Akyuz Bulent
1063,Turkyilmaz Aysegul
1064,Sandalli Cemal
1065,Guner Cansever
1066,Unlu Bekir
1067,Bayraktar Alemdar
1068,Karaaslan Mehmet
1069,Tosun Mehmet
1070,Gurbuz Adnan
1071,Obuz Ersel
1072,Bal Durmus
1073,Binnetoglu Fatih
1074,Akcay Huseyin
1075,Basoren Mehmet
1076,Bozkurt Ali
1077,Tekatas Aslan
1078,Ogelman Hulya
1079,Sicak Ali
1080,Kars Gokhan
1081,Kutlu Akif
1082,Mus Ekrem
1083,Ozbugutu Emrah
1084,Ercag Erol
1085,Inal Kemal
1086,Yanik Ertan
1087,Cicek Cuma
1088,Cakmak Ecir
1089,Cipil Handan
1090,Koc Emine
1091,Kilicbeyli Elife
1092,Karakoc Mehmet
1093,Demir Gokhan
1094,Benlioglu Can
1095,Toprak Aybala
1096,Sancakdar Enver
1097,Tatar Erdal
1098,Isik Cemal
1099,Alkis Huseyin
1100,Cetin Ali
1101,Karakaya Etem
1102,Emhan Abdurrahim
1103,Yasar Huseyin
1104,Akcan Esma
1105,Cinoglu Huseyin
1106,Isleyen Ahmet
1107,Terzi Mehmet
1108,Kiyak Aliye
1109,Cabuk Mehmet
1110,Aydin Mesut
1111,Baser Kadir
1112,Sahin Haci
1113,Sakalar Ergun
1114,Develioglu Kazim
1115,Ekinci Arife
1116,Karakiz Mehmet
1117,Karabulut Hayriye
1118,Akin Gulden
1119,Genc Erhan
1120,Birdal Furkan
1121,Tan Mehmet
1122,Kilit Celal
1123,Selek Dilek
1124,Cardak Mehmet
1125,Demirer Derya
1126,Dikmen Alaattin
1127,Ceyhan Betul
1128,Ozkokeli Hakan
1129,Demiraslan Hayati
1130,Kurt Mevlut
1131,Yavuz Ali
1132,Dincer Caner
1133,Mazi Fikret
1134,Yucel Ahmet
1135,Akbiyik Cenk
1136,Aydogan Hakan
1137,Bilinc Hasan
1138,Bayar Levent
1139,Oz Faruk
1140,Atli Ahmet
1141,Colak Ali
1142,Arik Mehmet
1143,Kucuk Mehmet
1144,Rencber Akif
1145,Tanrikulu Ahmed
1146,Gayretli Ahmet
1147,Ozdemir Besime
1148,Bosnak Mehmet
1149,Cokadar Hulusi
1150,Dogan Abdullah
1151,Bolat Hakan
1152,Coban Ali
1153,Karavelioglu Ergun
1154,Turkmen Hafize
1155,Unlu Mehmet
1156,Haliloglu Halil
1157,Yeksan Ayse
1158,Eroglu Mehmet
1159,Tankut Ali
1160,Ozel Emine
1161,Sir Aytekin
1162,Yildirim Kadir
1163,Cakirca Duzgun
1164,Vural Bulent
1165,Pala Akin
1166,Annagur Ali
1167,Aliagaoglu Cihangir
1168,Yuce Abdulhakim
1169,Ozcivan Ahmet
1170,Guler Ekrem
1171,Onat Ahmet
1172,Kertmen Metin
1173,Celep Ferhat
1174,Sezer Mehmet
1175,Evrengul Harun
1176,Adakli Gulseren
1177,Cinar Hasan
1178,Alsaran Akgun
1179,Dagli Arif
1180,Bilgili Gokmen
1181,Ceylan Haluk
1182,Ozguner Gulnur
1183,Bolat Fatih
1184,Polat Huseyin
1185,Sekerci Ahmet
1186,Unal Birsen
1187,Paksoy Kadir
1188,Ergun Ali
1189,Barut Adnan
1190,Dundar Derya
1191,Yazici Alper
1192,Efe Erkan
1193,Ince Gulsum
1194,Gokbel Hakki
1195,Cevik Cengiz
1196,Kose Kamil
1197,Erdem Alim
1198,Yilmaz Binnaz
1199,Ercevahir Macit
1200,Atasoglu Cengiz
1201,Un Hayri
1202,Kilic Eylem
1203,Koken Gulen
1204,Parlak Adnan
1205,Ersozlu Alpay
1206,Bakirezer Guven
1207,Aynali Giray
1208,Ozsevik Abdul
1209,Ozcan Ahmet
1210,Andiran Fatih
1211,Sengul Mehmet
1212,Temizturk Fatih
1213,Kocatepe Celal
1214,Turan Hakan
1215,Cicek Halit
1216,Genchellac Hakan
1217,Ulesin Mahmut
1218,Giziroglu Emrah
1219,Celenk Fatih
1220,Madenci Ercan
1221,Bahar Halil
1222,Soysal Ahmet
1223,Cengelci Bekir
1224,Turan Mehmet
1225,Oksuz Ahmet
1226,Yorulmaz Bilal
1227,Ceyhanli Kadir
1228,Toy Harun
1229,Nam Mehmet
1230,Kivrak Ali
1231,Can Hatice
1232,Seyrek Kamil
1233,Pancar Emine
1234,Yaylak Erdal
1235,Gunes Ahmet
1236,Coban Aykut
1237,Yildi Hasan
1238,Dogan Adnan
1239,Yesilyurt Etem
1240,Cengiz Beyhan
1241,Cag Galip
1242,Gozen Abdurrahim
1243,Caglar Mehmet
1244,Cini Ahmet
1245,Akarsu Bayram
1246,Ersoy Mehmet
1247,Yilmaz Cahide
1248,Bilecen Halil
1249,Yildirim Abdulkadir
1250,Celikoglu Mevlut
1251,Demir Ekrem
1252,Eren Erdal
1253,Karatas Ahmet
1254,Demir Cevdet
1255,Atik Kemal
1256,Seven Mehmet
1257,Hazar Mehmet
1258,Aksoy Mehmet
1259,Aydin Emsal
1260,Aydin Alihan
1261,Tosun Cevat
1262,Ergin Abdullah
1263,Sariboga Bahtiyar
1264,Ozdevecioglu Mahmut
1265,Gencer Ercan
1266,Aydin Mehmet
1267,Berk Elife
1268,Abakay Abdurrahman
1269,Cinici Ayhan
1270,Uzer Ali
1271,Eroglu Habip
1272,Eser Betul
1273,Genc Abdurrahman
1274,Arslan Caner
1275,Gulturk Elif
1276,Akyuzoglu Huseyin
1277,Altay Huseyin
1278,Yilgor Ayse
1279,Ay Gungor
1280,Gursul Fatih
1281,Guler Gulnur
1282,Goregenli Melek
1283,Bese Ertan
1284,Sakcali Mehmet
1285,Ogreten Ahmet
1286,Simsek Harun
1287,Cece Hasan
1288,Ulusoy Mahmut
1289,Demirel Cengiz
1290,Basaran Hakan
1291,Menku Ahmet
1292,Demirci Fatih
1293,Seker Mahmut
1294,Ayseumul Ayseumul
1295,Yuksel Mehmet
1296,Ozan Fatih
1297,Karaisa Ali
1298,Eldemir Abdurrahim
1299,Askin Mehmet
1300,Yildiz Kadir
1301,Ugur Ahmet
1302,Turkkan Baki
1303,Ermis Fatih
1304,Altiok Metin
1305,Karatay Ali
1306,Ulker Hasan
1307,Bozkus Ferhat
1308,Dogruel Fulya
1309,Aykul Halil
1310,Gokmen Ferhat
1311,Das Huseyin
1312,Asan Aziz
1313,Sekerci Ali
1314,Simsek Erkan
1315,Akdag Metin
1316,Goktepe Mehmet
1317,Tuzcu Kasim
1318,Ciralik Harun
1319,Sahin Figen
1320,Gok Hasan
1321,Aslan Emel
1322,Ozdemir Habib
1323,Karabulut Bunyamin
1324,Eroglu Emre
1325,Kiran Abdullah
1326,Aktas Davut
1327,Sonmez Mehmet
1328,Acay Akif
1329,Pakdemirli Mehmet
1330,Eryilmaz Mesur
1331,Kartal Aslihan
1332,Simsek Levent
1333,Alac Ali
1334,Ayhan Cem
1335,Celikbilek Mehmet
1336,Vatansever Asli
1337,Cecen Mehmet
1338,Oflaz Hakan
1339,Orman Cengiz
1340,Sarica Mehmet
1341,Dundar Kadir
1342,Binnetoglu Emine
1343,Cevri Mehmet
1344,Ozbay Fatih
1345,Tutkun Hamdi
1346,Karakus Akan
1347,Ozdemir Emin
1348,Kala Hasan
1349,Cavdar Faruk
1350,Karakus Ali
1351,Atik Hasan
1352,Kaderli Aysel
1353,Kizilci Esra
1354,Yanik Keramettin
1355,Turkoglu Aziz
1356,Gunay Mehmet
1357,Toman Huseyin
1358,Catlioglu Hakan
1359,Aslantas Mehmet
1360,Atmaca Hasan
1361,Hatipoglu Hurisel
1362,Ercin Mehmet
1363,Yilmaz Hasim
1364,Uzun Kursat
1365,Atalay Huseyin
1366,Binici Hanifi
1367,Servi Meral
1368,Gulsoy Mehmet
1369,Ozturk Metin
1370,Guner Ahmet
1371,Ustundag Handan
1372,Aydin Aydin
1373,Can Alper
1374,Guvercin Ali
1375,Kayrak Mehmet
1376,Yaman Ferhan
1377,Bekir Ahmet
1378,Taskin Ferhat
1379,Tarakcilar Ali
1380,Kaya Hasan
1381,Sahin Abdurrahman
1382,Tosun Haci
1383,Ozdinc Hulya
1384,Ceber Mehmet
1385,Ozcan Erdem
1386,Kabacik Mehmet
1387,Civan Mehmet
1388,Yildiz Feyyaz
1389,Okutan Halil
1390,Cakmak Cenap
1391,Pilicer Ercan
1392,Gul Bilal
1393,Turk Cihan
1394,Yener Ali
1395,Teber Hatice
1396,Akyuz Latife
1397,Guder Husnu
1398,Ceyhan Koksal
1399,Ince Bayram
1400,Gul Ali
1401,Yaman Hakan
1402,Uygur Firat
1403,Ari Erdogan
1404,Basterzi Ayse
1405,Baykara Celalettin
1406,Koyuturk Alp
1407,Yakut Mehmet
1408,Davarci Isil
1409,Akin Fehmi
1410,Dogan Bekir
1411,Yilmaz Enes
1412,Cermik Fatih
1413,Gocen Erkan
1414,Albayrak Erol
1415,Gul Adnan
1416,Aktas Abdurrazzak
1417,Gesoglu Mehmet
1418,Baskent Emin
1419,Kahraman Bayram
1420,Dundar Ekrem
1421,Kaygana Mehmet
1422,Cinkaya Ahmet
1423,Gumustekin Kenan
1424,Toraman Cengiz
1425,Korucu Halim
1426,Aydin Hasan
1427,Demirer Ahmet
1428,Afyon Ahmet
1429,Demircan Aydin
1430,Yalcin Arzu
1431,Akbay Ercan
1432,Ozer Ahmet
1433,Simsek Halil
1434,Vural Ahmet
1435,Keskin Mesut
1436,Uysal Banu
1437,Inanc Mahmut
1438,Akin Hakan
1439,Akbas Hatice
1440,Kocturk Fatih
1441,Tuzlak Kadir
1442,Eroglu Cafer
1443,Ertas Hasan
1444,Korkmaz Ayse
1445,Alcelik Aytekin
1446,Yaprak Mevlut
1447,Alkawasmei Bassam
1448,Akgul Arif
1449,Kandaz Mehmet
1450,Yesildal Hatice
1451,Tezcan Ercument
1452,Ayyildiz Erdem
1453,Ozel Mehmet
1454,Uzunlar Ali
1455,Harman Aziz
1456,Isik Abdulkadir
1457,Mutaf Hasan
1458,Eyibilen Ahmet
1459,Iyidil Filiz
1460,Akcabay Fehmiye
1461,Cengil Mehmet
1462,Uysal Huseyin
1463,Temizyurek Ahmet
1464,Tufan Fatih
1465,Cetinkara Haci
1466,Sik Bulent
1467,Badem Candan
1468,Durat Mesut
1469,Bolukbasi Abdurrehim
1470,Corekci Baram
1471,Dane Asim
1472,Sonmez Ferit
1473,Ekmekyapar Ahmet
1474,Boyaci Hakan
1475,Sagdik Haci
1476,Atmaca Mehmet
1477,Kurt Hanifi
1478,Sonmez Abdullah
1479,Sen Mehmet
1480,Sulak Meral
1481,Tulubas Feti
1482,Eren Ali
1483,Ece Aydin
1484,Gedik Mehmet
1485,Sahin Mehmet
1486,Melemez Kenan
1487,Dikmen Bayazit
1488,Yildiz Derya
1489,Deveer Mehmet
1490,Sari Hakan
1491,Eroglu Ahmet
1492,Yalcin Mahmut
1493,Kilavuz Mehmet
1494,Filiz Ali
1495,Kocak Cengiz
1496,Kildiran Menderes
1497,Tosun Halil
1498,Uysal Ahmet
1499,Yurtcu Hasan
1500,Erkan Ersin
1501,Ozbilgin Mehmet
1502,Yigin Mehtap
1503,Yaman Havva
1504,Sengonul Mehmet
1505,Dane Arif
1506,Gok Abdulvahap
1507,Caliskan Ahmet
1508,Doganli Gulumser
1509,Kutanis Dilek
1510,Dogan Enfel
1511,Solak Kursat
1512,Altintas Hakan
1513,Sarac Cemal
1514,Ayan Arif
1515,Aktas Cevat
1516,Basturk Mehmet
1517,Arslan Akif
1518,Cevikoglu Hasan
1519,Gumus Ali
1520,Gunduz Gurhan
1521,Turkmenoglu Fatma
1522,Imrek Huseyin
1523,Mutlu Abdullah
1524,Erayman Ali
1525,Tekinkus Mehmet
1526,Cetin Halil
1527,Ellek Hasan
1528,Ocak Mehmet
1529,Demir Abdullah
1530,Er Dilek
1531,Tutoglu Ahmet
1532,Yilmaz Hayriye
1533,Tunca Aysel
1534,Esgin Mehmet
1535,Komurcu Erkam
1536,Pamuk Bilgehan
1537,Aktan Ahmet
1538,Yeter Ekrem
1539,Yilmaz Mhmet
1540,Celik Ali
1541,Gokalp Mehmet
1542,Turkan Ali
1543,Aydogmus Hacer
1544,Besirli Kazim
1545,Caliskan Erkan
1546,Cure Erkan
1547,Peker Kadir
1548,Sakarya Mehmet
1549,Uyanik Emrah
1550,Cengiz Asim
1551,Sahin Alparslan
1552,Essiz Dinc
1553,Pinar Gul
1554,Tantay Bahadir
1555,Aslan Bulent
1556,Surucu Erdem
1557,Gok Maide
1558,Sevi Levent
1559,Sunbul Ali
1560,Miran Bulent
1561,Dalgic Abdurrahman
1562,Kaya Arif
1563,Kaya Esma
1564,Karabacak Mehmet
1565,Beigmohammadi Elif
1566,Seker Hayati
1567,Subasi Mehmet
1568,Akca Hasan
1569,Dikmen Erdal
1570,Kocer Abdulkadir
1571,Birdane Alparslan
1572,Comakli Kemal
1573,Buyukkaya Eyup
1574,Acarturk Gursel
1575,Erol Hasan
1576,Baldemir Ercan
1577,Igci Mehri
1578,Karakas Arif
1579,Bahadir Gurhan
1580,Ertik Huseyin
1581,Kurt Dogan
1582,Iskender Betul
1583,Bozoglan Hilal
1584,Turkeli Mehmet
1585,Can Hudayi
1586,Gunes Hayati
1587,Ay Fatih
1588,Erdogmus Besir
1589,Tas Elif
1590,Karaca Mehmet
1591,Demirtas Mahmut
1592,Ozturk Hasan
1593,Karavelioglu Afka
1594,Yekeler Ensar
1595,Ozlu Mehmet
1596,Cim Abdullah
1597,Kilinc Aziz
1598,Karaarslan Bekir
1599,Koc Fatih
1600,Erkal Atila
1601,Cinar Kubra
1602,Tasdelen Mehmet
1603,Can Huseyin
1604,Dalli Mehmet
1605,Anay Harun
1606,Geyik Faruk
1607,Gunay Bekir
1608,Erdem Fatma
1609,Ilbay Azmi
1610,Aydogan Fatih
1611,Temel Mehmet
1612,Camci Celaletdin
1613,Ozyilmaz Emin
1614,Seban Demet
1615,Bayansal Fatih
1616,Sahan Halil
1617,Yildirim Ayhan
1618,Ozler Halil
1619,Dogan Ali
1620,Guzel Ahmet
1621,Unlu Erhan
1622,Baris Mehmet
1623,Senel Mehmet
1624,Cengiz Muammer
1625,Kocaeren Aysel
1626,Demiray Mehmet
1627,Haciefendioglu Kemal
1628,Ozcan Erhan
1629,Yesildag Ahmet
1630,Duru Metin
1631,Cantek Laika
1632,Turkyilmaz Kemal
1633,Ulger Mehmet
1634,Yucekaya Gulay
1635,Findik Hakki
1636,Aslan Abdulselam
1637,Kilic Adil
1638,Babacan Hasan
1639,Karakurt Hasan
1640,Ozdemir Esin
1641,Seker Bilal
1642,Gungor Ahmet
1643,Demir Erdal
1644,Pekcan Ahmet
1645,Alkan Mahir
1646,Bal Ahmet
1647,Kuyucu Fikret
1648,Cevik Hasan
1649,Ozkececi Gulay
1650,Alper Kadir
1651,Unal Bunyami
1652,Ulu Cafer
1653,Altuntop Besir
1654,Bora Ali
1655,Guneyisi Erhan
1656,Pencecioglu Mehmet
1657,Meric Metin
1658,Ercal Baris
1659,Ozcan Lutfi
1660,Yazici Burhan
1661,Pamuk Gulsum
1662,Bedir Abdulkerim
1663,Bayraktar Fatma
1664,Basturk Mahmet
1665,Ertas Elif
1666,Erdogan Dogan
1667,Ozturk Atiye
1668,Cetinel Hakan
1669,Yildiz Fatih
1670,Can Ahmet
1671,Delice Ali
1672,Guney Deniz
1673,Sivrikaya Fatih
1674,Karaosmanoglu Fatih
1675,Turmus Mehmet
1676,Erdik Cengiz
1677,Bayram Ali
1678,Tunc Bahattin
1679,Demirulus Husrev
1680,Gozemir Elif
1681,Ergun Emin
1682,Burucu Humeyra
1683,Beskaya Ahmet
1684,Yuksel Harun
1685,Abdulhakimogullari Erdal
1686,Alli Hasan
1687,Eksi Feyzettin
1688,Aydin Ekrem
1689,Kamak Hasan
1690,Adibelli Fatih
1691,Ozdemir Mevci
1692,Kurt Ali
1693,Dirier Ahmet
1694,Deniz Ali
1695,Varol Huseyin
1696,Udak Ayfer
1697,Cakir Lutfullah
1698,Ozkaya Erdogan
1699,Hazir Mesut
1700,Kocyigit Ali
1701,Kocoglu Kiyasettin
1702,Onal Levent
1703,Bayrakdar Harun
1704,Canbolat Mehmet
1705,Kuzhan Abdurrahman
1706,Cebe Mehmet
1707,Akdogan Ilgaz
1708,Kurnaz Aydin
1709,Elma Fikret
1710,Gokce Cumali
1711,Terzi Elcin
1712,Demir Faruk
1713,Korkut Ali
1714,Akman Engin
1715,Altan Mehmet
1716,Mestan Emine
1717,Acar Hasan
1718,Menemencioglu Kayhan
1719,Guney Baha
1720,Duran Arif
1721,Ahmetoglu Fuat
1722,Simsek Mesut
1723,Kale Banu
1724,Karadag Ahmet
1725,Elibuyuk Hulya
1726,Zengin Huseyin
1727,Keslioglu Kazim
1728,Yuksel Erdem
1729,Kurt Erkan
1730,Meral Kadem
1731,Onder Halil
1732,Yildiz Ali
1733,Garca Mehmet
1734,Uzum Hamza
1735,Varisli Lokman
1736,Bodur Abdurrahman
1737,Ucmak Hasan
1738,Uyar Fikret
1739,Pakdemirli Mefkure
1740,Seker Meryam
1741,Sinir Hayati
1742,Duymus Mahmut
1743,Yulafci Ahmet
1744,Karaca Adem
1745,Arslan Duran
1746,Kaptan Hakan
1747,Kiraz Ayhan
1748,Can Ali
1749,Yildiz Mahmut
1750,Atacan Fulya
1751,Coskun Erol
1752,Korukcu Adem
1753,Sengul Engin
1754,Uzun Hakan
1755,Cetinkaya Ali
1756,Suvak Burak
1757,Seyyar Ali
1758,Cevher Ezgi
1759,Erdurmus Mesut
1760,Inal Esra
1761,Celik Ayhan
1762,Tunc Mevlunt
1763,Sirkecioglu Ahmet
1764,Gurses Hande
1765,Turker Fatih
1766,Bargan Huseyin
1767,Sahbaz Ahmet
1768,Demir Fikri
1769,Abdioglu Hasan
1770,Aktas Mehmet
1771,Dogan Metin
1772,Sanal Bekir
1773,Ekinci Deniz
1774,Kole Bekir
1775,Dag Ersel
1776,Tok Mehmet
1777,Asik Biray
1778,Kocyigit Figen
1779,Kizirgil Ahmet
1780,Kaygusuz Canani
1781,Emul Haci
1782,Kilic Mesut
1783,Gormus Alparslan
1784,Yalcin Cengiz
1785,Elmali Abdurrahman
1786,Cakar Burcu
1787,Gonca Ergun
1788,Solmaz Ali
1789,Altok Muammer
1790,Gumus Kazim
1791,Oz Mehmet
1792,Gungor Ayse
1793,Karaaslan Ahmet
1794,Kaya Alaattin
1795,Gunduz Mehmet
1796,Demir Adalet
1797,Cukurcayir Mehmet
1798,Kocak Dilek
1799,Gurbuz Ali
1800,Yumusak Ahmet
1801,Erbay Fatih
1802,Kara Medine
1803,Bagci Huseyin
1804,Akbulak Mehmet
1805,Ozguner Halil
1806,Celik Ahmet
1807,Ulusoy Hasan
1808,Inal Mehmet
1809,Gozubenli Besir
1810,Lordoglu Kuvvet
1811,Can Fatih
1812,Sevindik Emre
1813,Ilkaya Fatih
1814,Can Humeyra
1815,Akbalik Esra
1816,Ozbay Erdogan
1817,Karabuga Ferhan
1818,Ozdemir Filiz
1819,Kocak Mahmut
1820,Eres Benan
1821,Kose Ahmet
1822,Aydin Kamil
1823,Aslan Ferhat
1824,Kosger Hasan
1825,Mese Emine
1826,Sahin Havanur
1827,Tasli Mehmet
1828,Akturk Ahmet
1829,Demirboga Hakan
1830,Llukacaj Edona
1831,Kidir Mehmet
1832,Bulut Melek
1833,Yumak Hasan
1834,Okutan Betul
1835,Unal Hamiyet
1836,Elkoca Erdal
1837,Kalender Ali
1838,Cinal Adnan
1839,Cincioglu Asuman
1840,Isik Daghan
1841,Uzkut Mehmet
1842,Tigli Asiye
1843,Ozdemir Evren
1844,Senturk Erdogan
1845,Goktepe Huseyin
1846,Dogan Muammer
1847,Kayacier Amed
1848,Yavuz Adnan
1849,Kahveci Ajda
1850,Kucukbayrak Abdulkadir
1851,Atagun Akin
1852,Coskun Kerem
1853,Kaba Mehmet
1854,Sogut Mehmet
1855,Digrak Metin
1856,Caliskan Ali
1857,Helvaci Mehmet
1858,Kapti Alican
1859,Maden Emin
1860,Bagirci Faruk
1861,Yasar Ergun
1862,Gurgen Melahat
1863,Ozdemir Hasan
1864,Isik Adem
1865,Sinik Bilal
1866,Bakirci Melike
1867,Coskun Eyyup
1868,Kuyuk Huseyin
1869,Cete Mehmet
1870,Gokcimen Ahmet
1871,Kumral Bahadir
1872,Chifane Cristina
1873,Seker Mehmet
1874,Yurt Eyup
1875,Icli Atilla
1876,Aktas Haci
1877,Kilincaslan Ayse
1878,Bayraktar Aslihan
1879,Ozturk Ertan
1880,Aksoy Abdullah
1881,Bektas Ali
1882,Erkuran Mansur
1883,Tutar Ediz
1884,Dilek Ahmet
1885,Boyaci Ahmet
1886,Onen Erol
1887,Geyik Mehmet
1888,Kurtulmus Mehmet
1889,Cirak Bayram
1890,Abali Bayram
1891,Kanter Mehmet
