,AU
0,Bozkurt Nurgul
1,Yildirim Veli
2,Emet Mucahit
3,Erturk Volkan
4,Tuncel Hayrettin
5,Kilic Adil
6,Kocak Mahmut
7,Zincirkeser Sabri
8,Baranoglu Sahin
9,Soydan Yavuz
10,Temel Metin
11,Aktas Mehmet
12,Aydogdu Yusuf
13,Gulhan Baris
14,Yanik Tugrul
15,Gul Muammer
16,Akdemir Mustafa
17,Ulu Sinan
18,Ozdemir Asur
19,Karakus Onder
20,Deligoz Hasalettin
21,Bozgeyik Zulkif
22,Cakmak Ozlem
23,Inanc Mahmut
24,Aydin Yusuf
25,Tatlioglu Durmus
26,Ayata Yunus
27,Erkal Atila
28,Cenesiz Yucel
29,Karaca Adem
30,Tozoglu Sinan
31,Buyukoglan Hakan
32,Kaymakci Mustafa
33,Ekinci Arife
34,Demirboga Hakan
35,Asmali Mehmet
36,Agan Sedat
37,Ilkaya Fatih
38,Dincer Furkan
39,Yonem Ahmet
40,Balci Murat
41,Gokce Cumali
42,Catal Mehmet
43,Kaya Sabri
44,Tezcan Ercument
45,Koca Irfan
46,Yildiz Mahmut
47,Yilmaz Ummihan
48,Ozdemir Ali
49,Cetin Sedat
50,Ozel Lutfi
51,Mavili Ertugrul
52,Aslan Hasbi
53,Aksu Eren
54,Cankaya Hasan
55,Alpay Savas
56,Ozbenli Taner
57,Tas Ufuk
58,Ozturk Onder
59,Erdogan Ibrahim
60,Kara Bilge
61,Aksoy Hulya
62,Akdag Metin
63,Aztekin Serdar
64,Atas Cesim
65,Asan Aziz
66,Yaprak Mevlut
67,Gonel Husein
68,Sahin Kemal
69,Uzgel Ilhan
70,Tarakcilar Ali
71,Ates Murat
72,Catir Mustafa
73,Guner Yusuf
74,Bozkurt Elife
75,Cebe Fatma
76,Karacadag Mustafa
77,Temur Turan
78,Ulusoy Mahmut
79,Suvari Cakir
80,Bozkurt Esat
81,Bilir Unal
82,Unal Hamiyet
83,Yildirim Mehmet
84,Ela Yuksel
85,Solak Ilhami
86,Tuna Serif
87,Cetiner Muazzez
88,Aksu Muharrem
89,Meral Kadem
90,Mert Veli
91,Kocyigit Figen
92,Otkun Ozcan
93,Citci Selahattin
94,Turkmen Mustafa
95,Kuzubas Muhammet
96,Ozkan Adem
97,Biyik Ahmet
98,Ozdemir Selim
99,Koyuncu Murat
100,Arslan Ismail
101,Tane Vahit
102,Sat Murat
103,Karakas Emel
104,Kirkit Mustafa
105,Gurbuz Ali
106,Akkose Mehmet
107,Dokuyucu Recep
108,Karaaslan Ahmet
109,Aydin Sadi
110,Celikbilek Mehmet
111,Kurt Ayse
112,Odabasioglu Niyazi
113,Toy Ebubekir
114,Hattatoglu Fatih
115,Ocal Fatih
116,Erkut Adem
117,Kortunay Selim
118,Cevri Mehmet
119,Arslan Sonmez
120,Guney Atilla
121,Sereflican Murat
122,Durat Mesut
123,Izgi Banu
124,Ekinci Deniz
125,Cengil Mehmet
126,Celikoglu Mevlut
127,Oylumlu Muhammed
128,Coskun Menderes
129,Akman Engin
130,Durmusoglu Ertan
131,Yildirim Bulent
132,Vatansever Asli
133,Kaya Ibrahim
134,Isik Ilknur
135,Kahraman Serif
136,Kocaeren Aysel
137,Yuce Musafa
138,Kesici Mehmet
139,Oruc Serdar
140,Gungor Ahmet
141,Calka Omer
142,Sozen Hamdi
143,Sarikaya Muhammed
144,Duman Selami
145,Akcakoca Hamdi
146,Yalcin Muhammet
147,Gurses Mursel
148,Usta Ayhan
149,Ercan Serhat
150,Babacan Hasan
151,Findik Hakki
152,Asilkan Ozcan
153,Coskun Salih
154,Sari Gozde
155,Demir Cuneyt
156,Ogusgil Vahap
157,Saricicek Vahap
158,Bayram Ilker
159,Ozer Ahmet
160,Egercioglu Yakup
161,Koksal Mustafa
162,Bayram Fatih
163,Seker Mehmet
164,Akkaya Sebahat
165,Uz Burak
166,Sari Idris
167,Ozkececi Gulay
168,Tosun Hamza
169,Erdem Ali
170,Kumral Bahadir
171,Petik Bulent
172,Aykul Halil
173,Karakaya Nejdet
174,Elitas Cemal
175,Varol Huseyin
176,Ayseumul Ayseumul
177,Cakir Serkan
178,Ucal Halil
179,Celik Ahmet
180,Yeter Ekrem
181,Taktak Sukru
182,Hamidi Mehmet
183,Yekeler Ensar
184,Ercan Ertugrul
185,Metineren Hasan
186,Saral Hasan
187,Yuksel Seref
188,Gultekin Sebahattin
189,Ozbay Yuksel
190,Buyukberber Suleyman
191,Ozatagan Guldem
192,Kaboglu Ibrahim
193,Aslan Bulent
194,Siypak Isa
195,Ekin Ali
196,Aydogan Fusun
197,Saritas Baki
198,Tabakci Nurullah
199,Salihoglu Yavuz
200,Umrul Mehmet
201,Dolu Osman
202,Kocturk Sumeyra
203,Ozbay Bulent
204,Abul Yasin
205,Sekmen Mustafa
206,Acar Ugur
207,Tigli Asiye
208,Erdogan Dogan
209,Budak Ibrahim
210,Kilinc Aziz
211,Turgut Gunfer
212,Atmaca Hasan
213,Mertcan Hakan
214,Kalender Ali
215,Kentli Fulya
216,Tekkoyun Mehmet
217,Hopac Mustafa
218,Virit Osman
219,Akbay Ercan
220,Gultekin Erdogan
221,Atalay Yusuf
222,Kervan Selcuk
223,Gur Aycan
224,Meric Metin
225,Koca Havva
226,Akbulut Metin
227,Kocaman Serpil
228,Aydogan Harun
229,Cetin Altan
230,Altay Serpil
231,Kilit Celal
232,Ucak Haydar
233,Mutaf Hasan
234,Kurt Beyza
235,Atac Yasin
236,Tellioglu Ayda
237,Onat Ahmet
238,Tankut Ali
239,Seker Mahmut
240,Kirilmis Yasin
241,Kirac Fatih
242,Tunc Aziz
243,Tuncer Cemal
244,Mestan Emine
245,Kiymaz Nejmi
246,Aynioglu Oner
247,Guner Ozkan
248,Agca Veysel
249,Sucakli Mustafa
250,Ilhan Nihat
251,Karaca Semsettin
252,Seymen Murat
253,Dogan Yunus
254,Kurt Raziye
255,Ozlu Mehmet
256,Yavuz Yucel
257,Yilmaz Omer
258,Dikmen Alaattin
259,Buyukaslan Hasan
260,Alben Mesut
261,Faruknoyan Omer
262,Ucar Ibrahim
263,Yildiz Kadir
264,Bozgil Seda
265,Tuzcu Kasim
266,Gurkan Cihat
267,Akaydin Muhammet
268,Saridede Muhlis
269,Celimli Nureddin
270,Gunes Alime
271,Koc Taylan
272,Goktepe Mehmet
273,Gok Abdulvahap
274,Llukacaj Edona
275,Yesilay Aytekin
276,Hazar Mehmet
277,Selcuk Mustafa
278,Altan Gurkan
279,Atilgan Zuhal
280,Gogebakan Bulent
281,Yavuz Adnan
282,Pakdemirli Mehmet
283,Uluca Unal
284,Sengun Mustafa
285,Yilmaz Mhmet
286,Karabuga Semistan
287,Kiremitci Abdurrahman
288,Onder Akin
289,Akyuz Bulent
290,Altinoluk Bulnet
291,Sezer Sevgi
292,Okutan Halil
293,Tekin Ali
294,Bulut Emrah
295,Gok Maide
296,Ertas Hasan
297,Tetikoglu Mehmet
298,Baskan Saim
299,Toksen Erol
300,Kurtgoz Serkan
301,Terzi Elcin
302,Korkmaz Ayse
303,Karakaya Zeki
304,Sevinc Murat
305,Can Ahmet
306,Demirtas Mahmut
307,Gundogdu Cemal
308,Evrengul Havva
309,Sever Murat
310,Biricik Murat
311,Gumuscu Ahhmet
312,Aydin Hasan
313,Bulut Gulay
314,Demir Gozde
315,Arikan Yusuf
316,Ficici Ferit
317,Sise Sengul
318,Celik Omer
319,Gulcur Musa
320,Seyyar Ali
321,Toprak Aybala
322,Un Adem
323,Gokcimen Ahmet
324,Aslankurt Murat
325,Alkan Ali
326,Artun Talat
327,Topal Taner
328,Ozdeniz Abdulhadi
329,Sarica Mehmet
330,Gunay Mehmet
331,Gezer Kutret
332,Senyurek Volkan
333,Tay Turgay
334,Duran Arif
335,Altinyazar Hilmi
336,Dincel Oguzhan
337,Hisar Sukriye
338,Karaarslan Bekir
339,Tama Yavuz
340,Alpkaya Ayse
341,Bakir Ihsan
342,Halis Zeki
343,Sarman Hakan
344,Kursun Umit
345,Simsek Erkan
346,Hisar Olcay
347,Kayacier Amed
348,Emre Habib
349,Tatar Enver
350,Aydin Mehmet
351,Bulut Sancar
352,Sik Bulent
353,Guner Osman
354,Turker Fatih
355,Okutan Betul
356,Tok Guler
357,Erdogan Hasan
358,Karabacak Osman
359,Sen Halil
360,Besir Fahri
361,Bal Abdullah
362,Lordoglu Kuvvet
363,Taban Sami
364,Uzunlar Ali
365,Akinlar Cuneyt
366,Guven Sedat
367,Ucgun Ercan
368,Isman Nurettin
369,Harman Aziz
370,Demirer Serhat
371,Sivgin Serdar
372,Tasci Zeynep
373,Emeksiz Murat
374,Barli Onder
375,Deliduman Seyithan
376,Akcay Hakan
377,Kan Kadir
378,Yildirim Yakup
379,Seyhan Salih
380,Bal Ali
381,Aydin Sergulen
382,Yuksel Erdem
383,Durucu Cengiz
384,Sinan Olcay
385,Zengin Ramazan
386,Genc Muhammet
387,Karakus Akan
388,Oguz Mustafa
389,Yuksel Numan
390,Sancaktutar Ahmet
391,Mermer Omer
392,Corumluoglu Ozsen
393,Yildirim Mustafa
394,Oysal Yusuf
395,Gedik Mehmet
396,Yagiz Nurkan
397,Ates Orhan
398,Demir Muhammed
399,Erdogan Seleme
400,Bircan Recep
401,Tas Sebahattin
402,Coban Ali
403,Peker Erdal
404,Sari Erhan
405,Bolukbasi Abdurrehim
406,Demir Fikri
407,Sahin Canay
408,Uslu Turan
409,Bilgin Ibrahim
410,Cetinkara Haci
411,Atik Bekir
412,Kaya Ahmet
413,Guzel Ahmet
414,Oz Mustafa
415,Demir Muslim
416,Bayindir Nida
417,Bayirli Ridvan
418,Cerkez Idris
419,Aksoy Sefika
420,Yildirim Tacettin
421,Beigmohammadi Elif
422,Davas Hediye
423,Baglibel Murat
424,Gencer Baran
425,Arslan Caner
426,Bilgen Osman
427,Ibrahimoglu Nurettin
428,Demetgul Mustafa
429,Yavuz Mustafa
430,Binici Hanifi
431,Arici Semih
432,Dogru Sibel
433,Aslan Ferhat
434,Herken Hasan
435,Uzer Ali
436,Yonden Arzu
437,Gunduz Mehmet
438,Ozgoren Muammer
439,Apiliogullari Seza
440,Acar Srdar
441,Comlekcioglu Ugur
442,Sivasli Ercan
443,Bakir Esengul
444,Demirulus Husrev
445,Ilhan Selcuk
446,Yildiz Ali
447,Canbolat Mehmet
448,Cag Galip
449,Hirca Necati
450,Pinar Tevfik
451,Gunes Tevfik
452,Atila Muhammed
453,Cetinkaya Caglar
454,Ozlen Serife
455,Mertoglu Serhat
456,Tokmak Selim
457,Kocoglu Kiyasettin
458,Altan Mikail
459,Babacan Israfil
460,Tekpinar Mustafa
461,Arslan Ali
462,Oncel Ali
463,Polat Efdal
464,Yilmaz Cahide
465,Corekci Baram
466,Sevi Levent
467,Bas Yalcin
468,Aytekin Ahmet
469,Saglam Yilmaz
470,Aydin Omer
471,Soy Haci
472,Ertas Ahmet
473,Karahan Murat
474,Yesil Yalcin
475,Cetinkaya Zafer
476,Tak Hasan
477,Eren Ismail
478,Menku Ahmet
479,Atalay Sule
480,Gungoren Muaz
481,Ucgun Irfan
482,Demirci Fatih
483,Kabacik Mehmet
484,Ulus Ahmet
485,Besirli Kazim
486,Aytekin Metin
487,Cetin Hayrullah
488,Bal Hasan
489,Aynali Ayse
490,Bulgan Erdal
491,Uyanoz Refik
492,Gulen Yasir
493,Erden Gonul
494,Yariktas Murat
495,Isik Bunyamin
496,Sahin Onder
497,Palabiyik Hamit
498,Yagci Ramazan
499,Mese Emine
500,Dirlikyapan Jale
501,Tavil Yusuf
502,Demirel Mustafa
503,Aktan Ahmet
504,Ersozlu Alpay
505,Sari Nagihan
506,Demirci Yucel
507,Kucuk Harun
508,Duran Fatih
509,Yilmaz Kadir
510,Karakas Fatih
511,Gozubenli Besir
512,Aslan Abdulselam
513,Gok Veli
514,Sevinc Tahir
515,Eroglu Omer
516,Cete Mehmet
517,Mutlu Salih
518,Korucu Mehtap
519,Kurt Erkan
520,Dolapci Ihsan
521,Demir Oguzhan
522,Nart Maruf
523,Inal Salih
524,Coskun Mustafa
525,Seker Guven
526,Ozpinar Celal
527,Dogan Muzaffer
528,Toparli Mustafa
529,Akcay Migrac
530,Akgul Nese
531,Surucu Ahmet
532,Laman Mustafa
533,Ozturk Atiye
534,Erdener Eda
535,Kucukdurmaz Zekeriya
536,Tasdemir Ibrahim
537,Karakus Emre
538,Cetiner Ziya
539,Kara Ismail
540,Aktar Ismail
541,Citisli Veli
542,Kunt Halil
543,Benlioglu Can
544,Atik Kemal
545,Ata Ahmet
546,Keten Alper
547,Altin Remzi
548,Ozkan Omer
549,Doruk Ibrahim
550,Citil Burak
551,Ulker Hasan
552,Yalcin Cengiz
553,Ok Nuri
554,Cetin Ozdemir
555,Ergun Ali
556,Kilinc Necmettin
557,Sener Ismail
558,Kaymaz Haci
559,Ulusal Semsettin
560,Sari Hakan
561,Savas Haluk
562,Yazicilar Turan
563,Soylemez Mikail
564,Cengiz Beyhan
565,Toy Harun
566,Celik Nermin
567,Kose Ibrahim
568,Karatas Serkan
569,Zorlu Musa
570,Ari Saim
571,Goktas Mustafa
572,Yildirim Salih
573,Eser Olcay
574,Akcay Huseyin
575,Bayir Hakan
576,Cakmak Haci
577,Cetindag Yusuf
578,Inal Mehmet
579,Turgut Yilmaz
580,Inan Hatice
581,Genchellac Hakan
582,Polat Aziz
583,Demircioglu Aytekin
584,Ceylan Adnan
585,Karakuyu Yunus
586,Saglam Musa
587,Keceli Arif
588,Ekmekyapar Ahmet
589,Ayduz Davut
590,Demir Ahmet
591,Aytekin Vahit
592,Tekelioglu Umit
593,Can Huseyin
594,Dundar Ahmet
595,Badem Candan
596,Mamak Mustafa
597,Isman Mustafa
598,Akman Halil
599,Gocer Ismet
600,Dogan Nurettin
601,Yeksan Mehdi
602,Gozeneli Orhan
603,Ozkuk Gokan
604,Cinal Adnan
605,Yaman Ferda
606,Melek Mehmet
607,Alkoc Ozan
608,Celtikci Orhan
609,Alma Saide
610,Akbulut Mehmet
611,Kilic Tuncer
612,Polat Yilmaz
613,Ulger Mehmet
614,Aydin Aydin
615,Demir Mustafa
616,Oz Salih
617,Cermik Fatih
618,Akin Mehmet
619,Aydin Muhammed
620,Koizhaiganova Meruyert
621,Siap Irfan
622,Yildiz Derya
623,Onder Halil
624,Seker Meryam
625,Yuksel Hatice
626,Ekinci Zelal
627,Bedir Ahmet
628,Zenginerler Zemine
629,Ermis Sitki
630,Minareci Edibe
631,Yenidunya Ahmet
632,Mutlu Abdullah
633,Erdogan Necmettin
634,Unal Deniz
635,Ekizer Abdullah
636,Tarman Bulent
637,Ugur Ahmet
638,Buyukhatipoglu Hakan
639,Alan Sait
640,Unal Omer
641,Aydemir Murat
642,Burucu Humeyra
643,Koroglu Mehmet
644,Uysal Ismail
645,Boylu Sukru
646,Ece Aydin
647,Alacali Mehmet
648,Navruz Murat
649,Kaymakci Oguz
650,Ulucay Tarik
651,Cakir Omer
652,Onen Huseyin
653,Tekinay Ahmet
654,Kayikci Gulsen
655,Uludag Ayseul
656,Ayac Ahme
657,Uzun Hakan
658,Koksal Sakip
659,Alpak Gokay
660,Imrek Huseyin
661,Zeyrek Suat
662,Cure Erkan
663,Sahbaz Cafer
664,Gul Zehra
665,Ensar Ferhat
666,Gunes Zeliha
667,Kucukyilmaz Kamil
668,Altuncu Ismail
669,Cobaner Murat
670,Binnetoglu Emine
671,Kara Ugur
672,Obay Mustafa
673,Daglioglu Mutlu
674,Yarar Betul
675,Laciner Vedat
676,Ozdemir Huseyin
677,Say Ridavn
678,Dikici Suber
679,Poyraz Seref
680,Yuksel Ismail
681,Herguner Sabri
682,Ocal Adem
683,Yildirim Yunus
684,Koksal Bayram
685,Kamak Gulen
686,Karatas Dura
687,Yasar Zehra
688,Yakut Ibrahim
689,Kurnaz Ismail
690,Karakaya Etem
691,Sunger Ercan
692,Tuncel Sinan
693,Herken Emine
694,Kayik Mustafa
695,Kara Erdal
696,Dos Izzet
697,Tasci Haci
698,Ulker Serdar
699,Turkan Ali
700,Ilbay Azmi
701,Vural Bulent
702,Sen Gul
703,Ince Kayhan
704,Arslan Necmi
705,Turkoglu Aziz
706,Celik Cemil
707,Aydin Mustafa
708,Saltek Necdet
709,Ergoren Hilmi
710,Kaya Arif
711,Simsek Mine
712,Gumus Kazim
713,Ardic Ibrahim
714,Aksoy Ismail
715,Haliloglu Halil
716,Akbiyik Cenk
717,Yildirim Halil
718,Ari Atem
719,Cakirca Duzgun
720,Erol Hasan
721,Akpinar Abdullah
722,Can Fatih
723,Bicer Mustafa
724,Ozgocmen Salih
725,Buyukguclu Mehmet
726,Isik Memet
727,Ustundag Handan
728,Koklu Seyfettin
729,Biskin Sultan
730,Tobi Ibrahim
731,Doganli Gulumser
732,Akin Hakan
733,Bahadir Gurhan
734,Okuducu Seref
735,Ozkan Filiz
736,Biber Erdal
737,Bertlek Seydi
738,Cirak Bayram
739,Sahin Ibrahim
740,Uygun Selcuk
741,Kaba Sultan
742,Demirci Nedret
743,Tarhan Devrim
744,Bayramlar Huseyin
745,Karasen Riza
746,Turan Selahattin
747,Koc Bunyamin
748,Cokadar Hulusi
749,Citil Ridvan
750,Halac Metin
751,Turgut Huseyin
752,Sozutok Bunyamin
753,Tan Enes
754,Oksuz Musa
755,Pazarlioglu Nurdan
756,Karaman Safa
757,Celik Sebat
758,Akkoc Soner
759,Sarisahin Tugba
760,Turkmen Durmus
761,Kosger Hasan
762,Dogan Zafer
763,Yilmaz Selim
764,Arslan Idris
765,Ozdem Muhsin
766,Albayrak Selahattin
767,Sonmez Ferit
768,Albayrak Ozlem
769,Meric Gursoy
770,Kucukaydin Mustafa
771,Comez Fatih
772,Saka Irfan
773,Yuce Abdulhakim
774,Celik Ihsan
775,Udak Ayfer
776,Kocatepe Celal
777,Karavelioglu Ergun
778,Ejder Tuba
779,Sahan Mustafa
780,Baser Mustafa
781,Cerrahoglu Munir
782,Temel Tuba
783,Uslu Ramazan
784,Cinar Kubra
785,Dogan Metin
786,Tekin Mustafa
787,Ozen Hilal
788,Demirel Salih
789,Emhan Abdurrahim
790,Birdane Alparslan
791,Simsek Nejdet
792,Ozbek Ibrahim
793,Ozpinar Gul
794,Kaya Esma
795,Iraz Mustafa
796,Kocaturk Turgut
797,Altuntop Besir
798,Akman Zekeriya
799,Akcay Ahmet
800,Kiran Abdullah
801,Tutkun Hamdi
802,Ucar Sadik
803,Semiz Suleyman
804,Sarisoy Sinan
805,Nart Ergun
806,Aktumen Muharrem
807,Sariyildiz Mustafa
808,Karpuz Orhan
809,Ayan Murat
810,Karakas Arif
811,Yaylar Yasin
812,Kutlar Gokhan
813,Balci Yasemin
814,Tezel Timur
815,Cakmak Ebubekir
816,Turgut Sebahat
817,Ozkan Sebiha
818,Uludag Murat
819,Filiz Ali
820,Sinan Selma
821,Terzioglu Suleyman
822,Ilhan Ozgur
823,Aydinkaya Ilker
824,Bosnak Mehmet
825,Cobanoglu Bulent
826,Okumus Veysi
827,Ustyol Lokman
828,Topkara Adem
829,Yanik Ertan
830,Var Ahmet
831,Ulukapi Omer
832,Bulgurcu Huseyin
833,Gumus Metehan
834,Cepni Mursel
835,Dulgergil Coruh
836,Can Ibrahim
837,Donmez Salim
838,Tarim Nevzat
839,Kanbur Mehmet
840,Karacan Hasan
841,Ucar Selcuk
842,Yumusak Ahmet
843,Gilgil Erdal
844,Ulu Arif
845,Akcay Salaheddin
846,Karahan Sami
847,Rifaioglu Emine
848,Ozbay Erdogan
849,Gulturk Elif
850,Yagmur Nihat
851,Aydn Nasuhi
852,Balci Ramazan
853,Giren Songul
854,Kurt Mustafa
855,Hattatoglu Zeynep
856,Akcan Esma
857,Tunca Aysel
858,Erdogan Oguz
859,Pinar Gul
860,Birgun Mahmut
861,Yalcinoglu Pelin
862,Ersoy Ertan
863,Bolukoglu Ilhan
864,Erdemir Lokman
865,Yildiz Ismail
866,Bilici Aslan
867,Akcay Fatih
868,Ahmetoglu Fuat
869,Ekinci Afra
870,Dogan Enfel
871,Damar Murat
872,Koc Emine
873,Unlu Bekir
874,Tutoglu Ahmet
875,Saribas Suleyman
876,Sahpaz Fatih
877,Ozkokeli Hakan
878,Kelen Mustafa
879,Ciralik Harun
880,Konuk Numan
881,Atasoy Mustafa
882,Bekmez Selahattin
883,Guven Tumer
884,Karatas Ahmet
885,Eren Ali
886,Merhan Aziz
887,Bicer Umit
888,Kilic Niyazi
889,Ata Sevket
890,Coskun Tamer
891,Ulker Osman
892,Sanli Ramazan
893,Yaman Hakan
894,Okumus Ahmet
895,Akbas Hatice
896,Aslan Lokman
897,Yilmaz Enes
898,Yay Ozan
899,Memisogullari Ramazan
900,Aydin Suleyman
901,Erturk Yasar
902,Bagcioglu Erman
903,Nacar Alper
904,Aslantas Mehmet
905,Ergun Emin
906,Malkoc Muzaffer
907,Yazar Suleyman
908,Aydin Serkan
909,Yilmaz Faruk
910,Cicekbilek Izzet
911,Arslan Duran
912,Geyikli Turabi
913,Akca Hasan
914,Alpsoy Huseyin
915,Ulasli Mustafa
916,Ozcan Ali
917,Kuscu Irfan
918,Delibas Namik
919,Dalgic Abdurrahman
920,Yuce Salim
921,Sengul Ozlem
922,Yasemin Mehmet
923,Tosun Mehmet
924,Tokgoz Orhan
925,Genc Osman
926,Lebe Fuat
927,Muftuoglu Ozgur
928,Altun Nurullah
929,Beskaya Ahmet
930,Karaca Turan
931,Gorgen Veli
932,Guney Baha
933,Izmirli Muzeyyen
934,Akyuz Latife
935,Mencutekin Mustafa
936,Deringoz Ayse
937,Karaca Yunis
938,Yesilyurt Mustafa
939,Kilic Ramazan
940,Gecici Omer
941,Vekli Mustafa
942,Gulum Yasemin
943,Aydogan Timucin
944,Karsli Suleyman
945,Dinckal Mustafa
946,Erbay Fatih
947,Acar Zeliha
948,Kilinc Yusuf
949,Ciglik Hikmet
950,Totur Umit
951,Kahraman Suleyman
952,Kablamaci Ahsen
953,Yesil Yusuf
954,Bilgic Ozlem
955,Boz Nihat
956,Altundag Mustafa
957,Bakkal Hidayet
958,Er Dilek
959,Kahyaoglu Mehmet
960,Ciftci Sinan
961,Baytak Ahmet
962,Karaca Halit
963,Baykara Celalettin
964,Kilicaslan Erdogan
965,Akkaya Levent
966,Kayabasi Nuran
967,Karakaya Fuat
968,Ustun Nilgul
969,Burnaz Oguz
970,Filiz Orhan
971,Yildirim Ahmet
972,Karacelil Suleyman
973,Inalcik Abdullah
974,Yakut Tahsin
975,Kilavuz Mehmet
976,Kose Sacit
977,Bayraktar Hasan
978,Demir Servet
979,Gunbey Emre
980,Demirci Zeki
981,Tatar Mehtap
982,Celebioglu Salih
983,Gokmen Ferhat
984,Yagiz Dursun
985,Kurt Dogan
986,Erdil Abdullah
987,Onder Feyyaz
988,Yuksel Osman
989,Sonmez Ibrahim
990,Cetin Halil
991,Rifaioglu Mehmet
992,Cali Hasan
993,Coban Mehmet
994,Ozlu Tulay
995,Karakas Mustafa
996,Kocak Cengiz
997,Er Orhan
998,Akpinar Ibrahim
999,Demir Yusuf
1000,Ucar Omer
1001,Senol Serkan
1002,Arslan Mehmet
1003,Gokbel Hakki
1004,Aysu Tevfik
1005,Ozen Selim
1006,Gunay Musa
1007,Ozbulut Omer
1008,Cevik Filiz
1009,Bay Ali
1010,Bagirci Faruk
1011,Ogurel Reyhan
1012,Koseoglu Sinem
1013,Barut Adnan
1014,Kizilci Esra
1015,Aykut Seref
1016,Kelekci Selvi
1017,Sivri Suleyman
1018,Caman Mehmet
1019,Ozdemiroglu Filiz
1020,Kaptanoglu Cem
1021,Bulduk Sevda
1022,Gesoglu Mehmet
1023,Delicay Tahsin
1024,Etoz Zeliha
1025,Yavuz Bulent
1026,Davarci Isil
1027,Karakoc Mehmet
1028,Terzi Mehmet
1029,Ozbugutu Emrah
1030,Arslan Ramazan
1031,Sunbul Ali
1032,Bulbul Ferdi
1033,Yilmaz Hava
1034,Davarci Mursel
1035,Sezan Hatice
1036,Celik Erol
1037,Yavsan Durdu
1038,Karahan Oguz
1039,Altan Banu
1040,Keskin Yildiray
1041,Akyildirim Erdinc
1042,Demirel Cengiz
1043,Sinemillioglu Mustafa
1044,Ocak Mehmet
1045,Sirikci Akif
1046,Sahhin Yusuf
1047,Yildirim Zeki
1048,Pamuk Bilgehan
1049,Kaya Harun
1050,Ozkan Ozlem
1051,Bora Ali
1052,Atagun Akin
1053,Kir Mehmet
1054,Kurdoglu Mertihan
1055,Timur Mustafa
1056,Musta Mustafa
1057,Cayir Celal
1058,Abali Osman
1059,Kalafat Mustafa
1060,Alper Kadir
1061,Atesoglu Irfan
1062,Sarikaya Orhan
1063,Askin Suat
1064,Adibelli Fatih
1065,Abali Bayram
1066,Kaya Huseyin
1067,Goral Mehmet
1068,Sahin Figen
1069,Baris Mehmet
1070,Atalay Huseyin
1071,Cemek Mustafa
1072,Sulak Osman
1073,Demirel Reha
1074,Gunduz Gurhan
1075,Ozel Mehmet
1076,Celik Romedi
1077,Kalkan Habil
1078,Ay Fatih
1079,Kizilci Mehmet
1080,Howison Ayse
1081,Erdem Alim
1082,Seker Yasar
1083,Deniz Mustafa
1084,Unal Mucahit
1085,Eser Yusuf
1086,Sacan Sunay
1087,Kurtulmus Mehmet
1088,Sariboga Bahtiyar
1089,Deniz Ali
1090,Ata Haci
1091,Yuksel Mehmet
1092,Koc Okan
1093,Citir Murat
1094,Kunduracioglu Ahmet
1095,Sancakdar Enver
1096,Reis Selcuk
1097,Basaran Ismet
1098,Uysal Ahmet
1099,Yayla Ahmet
1100,Duran Ramazan
1101,Okur Aylin
1102,Aydin Ekrem
1103,Akyuz Mursel
1104,Abdulhakimogullari Erdal
1105,Kacan Erdal
1106,Ceker Mustafa
1107,Keskin Yakup
1108,Ertekin Alaattin
1109,Dagdelen Ayhan
1110,Kocak Yusuf
1111,Uzkut Mehmet
1112,Cincioglu Asuman
1113,Tanyeri Buket
1114,Akkoc Nurullah
1115,Gulendam Ramazan
1116,Guvenc Serdar
1117,Ogelman Hulya
1118,Camci Ugur
1119,Bakan Hakan
1120,Bicici Hur
1121,Kilincaslan Sedat
1122,Nesliturk Ali
1123,Sobaci Gungor
1124,Dizkirici Ahmet
1125,Sari Yasin
1126,Akkas Ismail
1127,Biner Ismet
1128,Karakurt Lokman
1129,Yorulmaz Bilal
1130,Ozgelen Sinan
1131,Deveci Metin
1132,Erayman Mustafa
1133,Arslan Sukru
1134,Akmaz Hakan
1135,Tezcan Saban
1136,Kirlioglu Hilmi
1137,Karagozoglu Nazike
1138,Ozturk Ismail
1139,Selcuk Engin
1140,Acemoglu Hamit
1141,Ozsahin Mustafa
1142,Gundogdu Fatma
1143,Koca Nilufer
1144,Tutar Ediz
1145,Delibasi Tuncay
1146,Talo Ozer
1147,Koksal Muhammet
1148,Dane Asim
1149,Ulutas Ismail
1150,Karabulut Hayriye
1151,Ongan Tevfik
1152,Akbas Yavuz
1153,Gul Ali
1154,Saglam Tulin
1155,Sogut Sadik
1156,Kayhan Huseyin
1157,Guler Ibrahim
1158,Baran Ibrahim
1159,Sari Ibrahim
1160,Saritas Fevzi
1161,Selamet Omer
1162,Soykasap Omer
1163,Turhan Ahmet
1164,Sir Aytekin
1165,Kizirgil Ahmet
1166,Cetin Ali
1167,Yorek Nurettin
1168,Gelincik Ibrahim
1169,Kildan Abdullah
1170,Sevinc Alper
1171,Kayim Murathan
1172,Eser Betul
1173,Yilmaz Nazire
1174,Akbalik Esra
1175,Erisik Huseyin
1176,Pazarlioglu Mehmet
1177,Akce Musa
1178,Gulez Kayhan
1179,Yulafci Ahmet
1180,Karakaya Muhittin
1181,Atalay Cise
1182,Okay Aydemir
1183,Erboga Mustafa
1184,Yucel Kivilcim
1185,Macit Yusuf
1186,Atik Murat
1187,Sahin Suleyman
1188,Pekgozlu Ilhan
1189,Uludag Ahmet
1190,Basturk Ramazan
1191,Sert Tijen
1192,Yilmaz Haci
1193,Balaban Hatice
1194,Sen Ilker
1195,Irgin Celal
1196,Yula Erkan
1197,Sogut Tahsin
1198,Yildirim Osman
1199,Tosun Cevat
1200,Pekcan Ahmet
1201,Erdik Cengiz
1202,Albayrak Sebahattin
1203,Igci Yusuf
1204,Senel Mehmet
1205,Geyik Mehmet
1206,Ozturk Bora
1207,Gonul Yucel
1208,Solak Ali
1209,Tufan Mursit
1210,Boruban Melih
1211,Bayram Mehmet
1212,Ozen Numan
1213,Okur Salih
1214,Bilgili Gokmen
1215,Ornek Ahmet
1216,Tekbas Ebru
1217,Kacan Erkan
1218,Unlu Resat
1219,Sekmen Perihan
1220,Doguc Ufuk
1221,Salis Osman
1222,Cetisli Bayram
1223,Oner Veysi
1224,Kasli Mehmet
1225,Bakirci Melike
1226,Cengelci Bekir
1227,Guneyisi Erhan
1228,Kaya Fatih
1229,Akis Rifat
1230,Baskal Tamer
1231,Akyol Mahmut
1232,Yurttutar Mustafa
1233,Ozdemir Mukerrem
1234,Turkyilmaz Aysegul
1235,Denk Affan
1236,Koken Resit
1237,Balci Serdar
1238,Ucar Ahmet
1239,Uysal Banu
1240,Yazilitas Nihat
1241,Aras Mutan
1242,Birecikli Ihsan
1243,Ozbay Fatih
1244,Kurt Mevlut
1245,Bulbul Feridun
1246,Degirmencioglu Serdar
1247,Sarica Mustafa
1248,Sahin Semsettin
1249,Dogan Murat
1250,Baglam Tekin
1251,Karaca Zeki
1252,Ozsevik Abdul
1253,Bal Vedat
1254,Duvan Ahmet
1255,Firinci Fatih
1256,Sen Nihat
1257,Afyon Ahmet
1258,Dogan Muammer
1259,Altay Huseyin
1260,Sagdik Haci
1261,Akman Orhan
1262,Cilgi Gulbanu
1263,Yerdelen Kadir
1264,Boyar Serkan
1265,Gungor Ibrahim
1266,Arikan Mustafa
1267,Metin Ismail
1268,Ceviz Mehmet
1269,Celik Yahya
1270,Kara Medine
1271,Zengin Eyup
1272,Erturk Necla
1273,Kertmen Metin
1274,Yuksel Murat
1275,Elkoca Erdal
1276,Ustun Ihsan
1277,Kocak Orhan
1278,Can Hudayi
1279,Ceylan Idil
1280,Kosar Yasar
1281,Acay Akif
1282,Gul Mehmet
1283,Karabulut Mustafa
1284,Bayraktar Fatma
1285,Balkanlioglu Mehmet
1286,Karaatli Olcay
1287,Kayisoglu Nurullah
1288,Yilmaz Saziye
1289,Sengul Abdullah
1290,Tan Sinan
1291,Yaman Ferhan
1292,Kamas Tuncay
1293,Solak Kursat
1294,Ozbek Seda
1295,Palanci Yilmaz
1296,Karaboga Tuba
1297,Erkaya Selcuk
1298,Turkeli Mehmet
1299,Ari Erdogan
1300,Ozturk Muammer
1301,Kara Adem
1302,Demir Cevdet
1303,Yuce Hasan
1304,Sarikaya Yasin
1305,Sahin Haci
1306,Sahin Levent
1307,Mukul Irfan
1308,Okay Senol
1309,Tasdelen Ishak
1310,Kavanoz Muammer
1311,Varol Muharrem
1312,Ocak Sezen
1313,Gurkan Mehmet
1314,Celebioglu Fatih
1315,Ugurcu Veli
1316,Golge Umut
1317,Ertik Huseyin
1318,Oturanc Galip
1319,Buyukbozdugan Mahmut
1320,Colak Ali
1321,Sokucu Oral
1322,Yavuz Lutfullah
1323,Eren Selim
1324,Oktay Murat
1325,Asilturk Ilhan
1326,Sengonul Mehmet
1327,Basturk Mahmet
1328,Karakas Omer
1329,Sungu Hilmi
1330,Ogreten Ahmet
1331,Kaygusuz Canani
1332,Aldemir Ozgur
1333,Guner Ahmet
1334,Keklik Saadetin
1335,Gumus Ali
1336,Tekin Sati
1337,Demirtas Omer
1338,Turker Mehmet
1339,Samanci Nilay
1340,Duran Muhammet
1341,Kilinc Nilgun
1342,Uyar Muhemmet
1343,Coskun Ugur
1344,Isik Yasemin
1345,Gayretli Ahmet
1346,Senol Fazil
1347,Yildiz Omer
1348,Basaran Hakan
1349,Celik Fatih
1350,Uzunoglu Selim
1351,Karakus Suzan
1352,Adiguzel Orhan
1353,Turkcu Fatih
1354,Basaran Engin
1355,Memis Nuray
1356,Giziroglu Emrah
1357,Baltaci Davut
1358,Ovaci Vahap
1359,Firat Ugur
1360,Ulukok Zubeyde
1361,Sayli Omer
1362,Solmaz Volkan
1363,Kars Gokhan
1364,Zincirkiran Mustafa
1365,Ozkan Yusuf
1366,Acikgoz Irfan
1367,Sicak Ali
1368,Bahar Halil
1369,Uyar Fikret
1370,Yakut Mehmet
1371,Kidir Mehmet
1372,Demirci Mustafa
1373,Develioglu Kazim
1374,Karaoglu Mevlut
1375,Akin Gulden
1376,Keskinturk Timur
1377,Ozkan Umit
1378,Ozkul Kubra
1379,Oncu Semiral
1380,Ince Cengiz
1381,Erdal Mesut
1382,Karakoyun Ozur
1383,Kozan Ali
1384,Karadag Adil
1385,Malkoc Siddik
1386,Cincioglu Oguz
1387,Goksugur Nadir
1388,Coskun Erol
1389,Gokay Necmi
1390,Gozemir Elif
1391,Pencecioglu Mehmet
1392,Kiremitci Baris
1393,Bilinc Hasan
1394,Onder Mehmet
1395,Ortanca Murat
1396,Akyel Salih
1397,Tavil Emine
1398,Kok Mehmet
1399,Oz Bulent
1400,Akalin Serife
1401,Dogan Mevlut
1402,Bek Mine
1403,Sen Yasar
1404,Eleren Ali
1405,Karadag Ahmet
1406,Halat Erdogan
1407,Ozyilmaz Adnan
1408,Tanik Feride
1409,Yilmaz Yunus
1410,Oztas Recep
1411,Yazici Suzan
1412,Davutoglu Mehmet
1413,Kaptan Hakan
1414,Gok Hasan
1415,Kapti Alican
1416,Topcu Muzaffer
1417,Yazici Mustafa
1418,Cetin Esat
1419,Altindag Serife
1420,Ayhan Suzi
1421,Ozturk Abdurahman
1422,Bendes Emre
1423,Evrengul Harun
1424,Ozen Ozcan
1425,Turan Bunyamin
1426,Polat Cihat
1427,Bakir Mustafa
1428,Gunes Mustafa
1429,Dikbiyik Ferhat
1430,Peker Kadir
1431,Ilhan Azime
1432,Kerman Uysal
1433,Yumusak Sedat
1434,Tekin Yasemin
1435,Yilmaz Metin
1436,Yasar Sinan
1437,Akcicek Ekrem
1438,Ayyildiz Erdem
1439,Kaya Hasan
1440,Ertekin Ayfer
1441,Ceyhanli Kadir
1442,Dundar Kadir
1443,Altiok Metin
1444,Kurnaz Fatih
1445,Demirer Yucel
1446,Hamidi Cihad
1447,Nane Onur
1448,Ekici Fatih
1449,Kara Selcuk
1450,Celeb Turan
1451,Sogut Mehmet
1452,Tanrikulu Ahmed
1453,Gologlu Cevdet
1454,Kurt Ramazan
1455,Kelesoglu Erhan
1456,Karadeniz Ali
1457,Isik Adem
1458,Ozbayrak Mustafa
1459,Ozdemir Hasan
1460,Gunes Yusuf
1461,Bulu Irfan
1462,Ulucan Hakan
1463,Unal Osman
1464,Sezer Mehmet
1465,Ozyilmaz Emin
1466,Sivrikaya Fatih
1467,Tasli Mehmet
1468,Kahveci Murat
1469,Elcin Serkan
1470,Celik Firat
1471,Oz Faruk
1472,Yar Fatih
1473,Yasar Yahya
1474,Kahveci Kucuk
1475,Degirmenci Irfan
1476,Cevit Omer
1477,Bolek Yuksel
1478,Erdogan Muzaffer
1479,Ozden Mustafa
1480,Cantekin Kenan
1481,Ozyurt Huseyin
1482,Baytak Sitki
1483,Sumer Cetin
1484,Kaba Mehmet
1485,Ari Seyhmus
1486,Asci Baris
1487,Arslan Taner
1488,Ozsaker Murat
1489,Ercevahir Macit
1490,Sengul Mehmet
1491,Uluturk Suleyman
1492,Oflaz Hakan
1493,Sahin Havanur
1494,Kadikoylu Neslihan
1495,Pacal Yusuf
1496,Aynali Giray
1497,Keskin Ali
1498,Biyikli Necmi
1499,Kadak Ugur
1500,Aksoy Mehmet
1501,Kocer Abdulkadir
1502,Akar Engin
1503,Kavak Suleyman
1504,Karaaslan Mehmet
1505,Usak Esma
1506,Iscan Murat
1507,Dursun Ali
1508,Akgul Arif
1509,Kuzhan Nurettin
1510,Yalcin Ali
1511,Eyigun Sabri
1512,Uyanik Emrah
1513,Erdem Engin
1514,Bal Ahmet
1515,Karavelioglu Afka
1516,Kaytaz Ali
1517,Ozbay Musa
1518,Parmaksiz Iskender
1519,Irkicatal Eftal
1520,Akpinar Goksan
1521,Celik Mustafa
1522,Alan Bircan
1523,Sayan Yuksel
1524,Agpak Kursad
1525,Corbacioglu Sitki
1526,Ilhan Nilufer
1527,Can Emre
1528,Arasoglu Ali
1529,Gulsoy Mehmet
1530,Karabulut Sedat
1531,Polat Turgay
1532,Aclan Yener
1533,Cure Medine
1534,Temizyurek Ahmet
1535,Sari Zafer
1536,Aydin Musa
1537,Sarici Gulben
1538,Akin Fehmi
1539,Berkdemir Cuneyt
1540,Sakalar Ergun
1541,Kilicer Fatma
1542,Ozdemir Habib
1543,Ugurtas Ismail
1544,Dogan Didem
1545,Can Humeyra
1546,Toker Serdar
1547,Aktas Bekir
1548,Arslan Fahrettin
1549,Tombak Nurdogan
1550,Bunarcioglu Durmus
1551,Kilic Ahmet
1552,Erdogan Murat
1553,Azakli Seda
1554,Sen Saffet
1555,Sen Mehmet
1556,Hepsen Ibrahim
1557,Boyraz Ismail
1558,Gunes Hayati
1559,Yilmaz Hayriye
1560,Kizil Murat
1561,Oz Fahri
1562,Ozer Samet
1563,Essiz Dinc
1564,Aydin Sinan
1565,Garca Mehmet
1566,Kizil Suleyman
1567,Topal Hanife
1568,Gokalp Osman
1569,Dane Arif
1570,Temizturk Fatih
1571,Gurses Hande
1572,Akdeniz Celal
1573,Dogan Hakan
1574,Siap Vedat
1575,Korucu Halim
1576,Erbilgin Evrim
1577,Ergin Abdullah
1578,Selimoglu Figen
1579,Cavdar Ahmet
1580,Arikan Sevket
1581,Gazioglu Gurkan
1582,Polat Huseyin
1583,Eroglu Cafer
1584,Aydin Murat
1585,Kurul Nejla
1586,Kutanis Mustafa
1587,Aydin Alihan
1588,Karagoz Murat
1589,Erdem Fatma
1590,Binnetoglu Fatih
1591,Doner Isa
1592,Isleyen Ahmet
1593,Kartalcik Vedat
1594,Kiziltunc Hukmi
1595,Elibuyuk Hulya
1596,Erden Ismail
1597,Paksu Muhammet
1598,Isik Birhan
1599,Kir Muhammed
1600,Sengun Abdulkadir
1601,Ozbilgin Mehmet
1602,Ayhan Cem
1603,Korkut Ali
1604,Altok Muammer
1605,Kumru Mehmet
1606,Ecevitoglu Pinar
1607,Ozel Ali
1608,Aysev Ahmet
1609,Karapazarlioglu Ersin
1610,Kisacikoglu Mithat
1611,Karakus Yasin
1612,Erdogmus Besir
1613,Ozdemir Bulent
1614,Corduk Nergul
1615,Tokuc Caner
1616,Baldemir Isa
1617,Nam Mehmet
1618,Civelek Sevket
1619,Delice Ali
1620,Akbas Ahmet
1621,Bilge Semih
1622,Dulger Hasan
1623,Aliagaoglu Cihangir
1624,Saglam Erdl
1625,Yumak Hasan
1626,Kortunay Semra
1627,Balcioglu Ercan
1628,Akturk Levent
1629,Ankaralioglu Nurullah
1630,Yuca Sevil
1631,Gungor Adem
1632,Cabuk Mehmet
1633,Toker Aysun
1634,Genc Erhan
1635,Sahman Halil
1636,Hokelek Murat
1637,Caglaroglu Murat
1638,Ozbilge Hatice
1639,Kutsal Siddik
1640,Akin Lemi
1641,Tan Mehmet
1642,Turkyilmaz Kemal
1643,Maden Emin
1644,Solak Omer
1645,Koyuturk Alp
1646,Tercan Fahri
1647,Ozgisi Tunca
1648,Gunay Burcu
1649,Yilmaz Reha
1650,Arik Mehmet
1651,Zoroglu Suleman
1652,Seker Askin
1653,Bekler Adem
1654,Ergin Emel
1655,Ozdemir Davut
1656,Coskun Nart
1657,Eldemir Abdurrahim
1658,Yildiz Bilal
1659,Atasoy Nazmi
1660,Bozkurt Selim
1661,Ili Mehmet
1662,Ugurlu Mustafa
1663,Ozbay Can
1664,Ari Yilmaz
1665,Dogar Cetin
1666,Demircan Aydin
1667,Sofuoglu Yusuf
1668,Suvak Burak
1669,Bayrak Neslihan
1670,Sezen Yusuf
1671,Kandaz Mehmet
1672,Savran Bircan
1673,Karaagac Ugur
1674,Temizer Aydin
1675,Sinik Bilal
1676,Olgar Seref
1677,Bilgen Nurettin
1678,Kabadayi Burhan
1679,Kala Hasan
1680,Cinici Ayhan
1681,Bakirezer Guven
1682,Bagci Huseyin
1683,Seker Hayati
1684,Yildiz Nuerttin
1685,Ozyalvacli Mehmet
1686,Soyut Hakan
1687,Bozoglan Orhan
1688,Keskin Suat
1689,Durak Ahmet
1690,Aktan Ali
1691,Boyraz Tahsin
1692,Yandi Yunus
1693,Soyoral Yasemin
1694,Artis Aise
1695,Demir Abdullah
1696,Arslan Ibrahim
1697,Atilgan Serdar
1698,Polat Aytekin
1699,Bayraktar Bediz
1700,Bucaktepe Pakize
1701,Tezcan Orhan
1702,Demir Suleyman
1703,Karanfil Ramazan
1704,Kenar Fethullah
1705,Akar Sedat
1706,Karadag Zakir
1707,Yildar Murat
1708,Motor Sedat
1709,Inal Esra
1710,Demir Imdat
1711,Yavuz Guler
1712,Aktop Ziyaeddein
1713,Orman Cengiz
1714,Tekatas Aslan
1715,Guven Erdem
1716,Kaplan Hasan
1717,Ozaras Resat
1718,Kara Recep
1719,Igci Mehri
1720,Unal Orhan
1721,Sasmaz Sezai
1722,Ekici Eran
1723,Koyuncu Hulya
1724,Pamuk Sonmez
1725,Kurnaz Aysegul
1726,Cetiner Ibrahim
1727,Cini Ahmet
1728,Eser Irfan
1729,Uzgel Elcin
1730,Chifane Cristina
1731,Uyanik Zeki
1732,Yilmaz Harun
1733,Kapan Murat
1734,Ozdinc Fuat
1735,Surucu Erdem
1736,Kurnaz Aydin
1737,Karabulut Bunyamin
1738,Selek Dilek
1739,Yilmaz Nihat
1740,Sancak Emre
1741,Kavas Erkan
1742,Ozkokeli Nurettin
1743,Kaya Nihat
1744,Ulukoy Metin
1745,Zal Unal
1746,Cecen Mehmet
1747,Nalbantcilar Mahmut
1748,Eroglu Emre
1749,Ceylan Haluk
1750,Ersoy Mehmet
1751,Guvercin Ali
1752,Sahin Mehmet
1753,Aksoy Abdullah
1754,Dogruel Fulya
1755,Aras Mevlut
1756,Ok Kerem
1757,Kaplanoglu Vahit
1758,Davutoglu Vedat
1759,Dasci Mahmut
1760,Yonden Zafer
1761,Kutuk Mehmet
1762,Bektas Serdar
1763,Ay Gungor
1764,Inan Halil
1765,Guzel Mahmut
1766,Guner Mehmet
1767,Turkkahraman Mimar
1768,Ozkan Ozalkan
1769,Canko Osman
1770,Kara Levent
1771,Altun Ibrahim
1772,Servi Meral
1773,Sonmez Abdullah
1774,Atacan Fulya
1775,Dilek Ahmet
1776,Delen Erhan
1777,Subasi Mehmet
1778,Laciner Sedat
1779,Baylar Ahmet
1780,Armutcu Ferah
1781,Hamzaoglu Onur
1782,Cekic Semin
1783,Gungor Ayse
1784,Kale Banu
1785,Akpinar Zafer
1786,Bulcun Emel
1787,Deveer Mehmet
1788,Bulut Ahmet
1789,Akkoyun Dursun
1790,Aydin Yener
1791,Bolat Fatih
1792,Tuzlak Kadir
1793,Paksoy Kadir
1794,Altunkas Fatih
1795,Kaya Muharrem
1796,Mete Mehmet
1797,Kurt Hanifi
1798,Tuzcu Nevin
1799,Gurbuz Bilal
1800,Deniz Yusuf
1801,Oksuz Huseyin
1802,Agladioglu Kadir
1803,Sahbaz Ahmet
1804,Celik Ayhan
1805,Uysal Omer
1806,Onen Erol
1807,Demiraslan Hayati
1808,Duru Metin
1809,Hoscoskun Mustafa
1810,Comak Emre
1811,Ozturk Metin
1812,Seckin Abdullah
1813,Yildirim Selcuk
1814,Gul Adem
1815,Ucok Kagan
1816,Kivrak Ali
1817,Turkmenoglu Fatma
1818,Ozan Fatih
1819,Arican Mehmet
1820,Karaca Yasemin
1821,Turan Hakan
1822,Coskun Ali
1823,Dalli Mehmet
1824,Cikman Aytekin
1825,Selim Yavuz
1826,Baltaci Cemal
1827,Turkel Yakup
1828,Kilic Sukru
1829,Saglam Sadullah
1830,Caglayan Emel
1831,Unalacak Murat
1832,Aydin Leyla
1833,Vanli Ismail
1834,Ardic Idris
1835,Sakar Gurkan
1836,Bagci Ozkan
1837,Colakoglu Mehmet
1838,Telef Bulent
1839,Arasan Seracettin
1840,Dogan Ismail
1841,Akca Ismet
1842,Ginis Zeynep
1843,Servi Muhammet
1844,Buyukkaya Ramazan
1845,Ozkasap Serdar
1846,Toren Tolga
1847,Yildirim Kadir
1848,Karaduz Adnan
1849,Inan Taskin
1850,Ozeren Suleyman
1851,Uguz Selman
1852,Kulak Osman
1853,Turk Suleyman
1854,Erkuran Mansur
1855,Koc Umit
1856,Yildirim Ayhan
1857,Sari Kamran
1858,Sirkecioglu Ahmet
1859,Cakiroglu Murat
1860,Kamali Sevil
1861,Ercan Ibrahim
1862,Durmusoglu Atiye
1863,Melemez Kenan
1864,Akgedik Recep
1865,Solak Ozlem
1866,Gunes Yavuz
1867,Perkmen Serkan
1868,Karcioglu Murat
1869,Chifane Liviu Augustin
1870,Dundar Derya
1871,Cicek Halit
1872,Yilmaz Haudai
1873,Karakas Mehmet
1874,Kabaca Tolga
1875,Soyupek Yusuf
1876,Borekci Suleyman
1877,Acarturk Ertugrul
1878,Karatepe Akif
1879,Karabulut Aysun
1880,Erden Kadriye
1881,Altan Mehmet
1882,Uysal Huseyin
1883,Cengiz Muammer
1884,Erdem Nilgun
1885,Karaaslan Yusuf
1886,Mangaltepe Ismail
1887,Damla Nevzat
1888,Kutlu Akif
1889,Dagdas Ahmet
1890,Talay Fahrettin
1891,Bulut Neslihan
1892,Nargul Veysel
1893,Mercan Mehmet
1894,Kilinc Emin
1895,Ertan Mustafa
1896,Eksi Feyzettin
1897,Unaldi Ihsan
1898,Sen Bilge
1899,Korkmaz Himmet
1900,Karakaya Sukru
1901,Celenk Fatih
1902,Uyar Zafer
1903,Bayraktar Aslihan
1904,Kalkan Aysegul
1905,Cosar Emine
1906,Pasinli Ahmet
1907,Celep Ferhat
1908,Ornek Kemal
1909,Dursun Bahtiyar
1910,Can Hatice
1911,Baskent Emin
1912,Cukurcayir Mehmet
1913,Boyaci Ahmet
1914,Ertas Huseyin
1915,Kerimov Nazim
1916,Ozdamar Ozgur
1917,Karakus Ozlem
1918,Ozdemir Sennur
1919,Bulut Mehmet
1920,Gultepe Nejla
1921,Dogan Mustafa
1922,Altintas Ahmet
1923,Cetinkaya Ali
1924,Duran Muharrem
1925,Tikici Mehmet
1926,Yuksel Harun
1927,Cevik Talip
1928,Bekir Ahmet
1929,Yesildag Ahmet
1930,Ozel Erdogan
1931,Coskun Fatih
1932,Kocabas Fikret
1933,Cankurt Murat
1934,Bektas Ali
1935,Ermis Bahri
1936,Altuntas Bayram
1937,Dogan Bekir
1938,Ozdemir Esin
1939,Borazan Hale
1940,Baytun Ugur
1941,Yildiz Onder
1942,Basibuyuk Oguzhan
1943,Cansunar Hatice
1944,Kisa Sezer
1945,Yucel Ahmet
1946,Agir Ahme
1947,Celik Suleyman
1948,Bayansal Fatih
1949,Ozeken Omer
1950,Zorba Orhan
1951,Ozturk Veli
1952,Albayrak Ismail
1953,Aydogan Fatih
1954,Boran Halis
1955,Eres Benan
1956,Yilmaz Nebi
1957,Tulubas Feti
1958,Tergip Ayhan
1959,Karatas Adem
1960,Karakus Kadir
1961,Korukcu Adem
1962,Yilmaz Binnaz
1963,Ozdemir Emin
1964,Arpaci Ozgur
1965,Turan Muhammed
1966,Ekinci Zehra
1967,Hotamisli Mustafa
1968,Dama Davut
1969,Tanc Halil
1970,Simsek Seref
1971,Ayhan Mediha
1972,Basak Suna
1973,Taskin Yuksel
1974,Celik Sait
1975,Ozcivan Ahmet
1976,Berk Veli
1977,Ozdevecioglu Mahmut
1978,Avci Asli
1979,Eroglu Hayrettin
1980,Dirlikli Murat
1981,Ozkan Muammed
1982,Kandis Hayati
1983,Ulger Suleyman
1984,Aydogan Akin
1985,Saglam Derya
1986,Kulahli Ismail
1987,Hatipoglu Namik
1988,Duzgun Recep
1989,Isiklan Muhammet
1990,Atis Murat
1991,Karabiber Fethullah
1992,Sayili Murat
1993,Ayhan Timur
1994,Toktas Cihan
1995,Erdogan Utku
1996,Piinar Ahmet
1997,Caglar Mehmet
1998,Tirasci Yusuf
1999,Eren Ibrahim
2000,Kaner Tuncay
2001,Cavdar Faruk
2002,Temelli Sezai
2003,Uludag Sener
2004,Akci Onder
2005,Guclu Dunyamin
2006,Balta Serkan
2007,Mazi Fikret
2008,Alp Recep
2009,Erbagci Ibrahim
2010,Unal Mustafa
2011,Karapirli Mustafa
2012,Demir Adalet
2013,Uzum Hamza
2014,Ceber Mehmet
2015,Kahyaoglu Talip
2016,Cicek Muhammed
2017,Aydogdu Nuri
2018,Yuksel Fatih
2019,Buker Hasan
2020,Atmaca Nurgul
2021,Rencber Akif
2022,Soylemez Haluk
2023,Eren Erdal
2024,Digrak Metin
2025,Ayvaz Muavviz
2026,Bulut Yasin
2027,Sekmen Yakup
2028,Mete Emin
2029,Basaran Bulent
2030,Benekli Mustafa
2031,Kilic Yilmaz
2032,Ari Tuba
2033,Kara Mustafa
2034,Ozturk Ozgur
2035,Anar Mustafa
2036,Cayci Muhammet
2037,Camci Celaletdin
2038,Esgin Mehmet
2039,Ceylan Kadir
2040,Gunaydin Murat
2041,Kilic Mesut
2042,Dogan Cabir
2043,Bilecen Halil
2044,Ermis Ismail
2045,Ucar Tamer
2046,Tuyluoglu Sevket
2047,Ozdogru Ibrahim
2048,Cagli Bekir
2049,Golcuk Yalcin
2050,Karacabey Sureyya
2051,Egri Osman
2052,Alici Omer
2053,Kayisiz Kenan
2054,Boyaci Hakan
2055,Ozyalvacli Gulzade
2056,Dundar Murat
2057,Karademir Umit
2058,Avci Ali
2059,Yildirim Ugur
2060,Hatipoglu Hurisel
2061,Erol Ilknur
2062,Kole Bekir
2063,Kutluhan Sabit
2064,Kose Seyit
2065,Ayik Sibel
2066,Tanriverdi Mehmet
2067,Ozen Sevilay
2068,Arbatli Mehmet
2069,Bingolbali Erhan
2070,Atalay Nilgun
2071,Guder Husnu
2072,Aktas Muharrem
2073,Keskin Ahmet
2074,Soyucok Etem
2075,Ozyurtkan Mehmet
2076,Bargan Huseyin
2077,Ozen Oguz
2078,Yazici Alper
2079,Yavuz Tevfik
2080,Karagoz Veli
2081,Yavuz Seyma
2082,Colak Nusret
2083,Ayan Arif
2084,Celik Ramazan
2085,Tekinay Ayse
2086,Tatar Erdal
2087,Ozel Emine
2088,Acilar Ali
2089,Durna Tezcan
2090,Cetinkaya Melek
2091,Bal Ihsan
2092,Basterzi Ayse
2093,Sahin Alparslan
2094,Cetin Hakan
2095,Bora Aydin
2096,Kose Kamil
2097,Teik Nedim
2098,Yilmaz Remzi
2099,Ozdemir Filiz
2100,Yamaner Cigdem
2101,Hayat Rustem
2102,Cinoglu Huseyin
2103,Gulsar Tugba
2104,Sisman Yildiray
2105,Uygur Firat
2106,Mermerkaya Hamit
2107,Kucukbayrak Abdulkadir
2108,Topcu Birkan
2109,Ayas Cemalettin
2110,Sari Oya
2111,Bilici Serbest
2112,Gul Umit
2113,Duran Ismet
2114,Comakli Kemal
2115,Kulac Mustafa
2116,Bulut Yasemin
2117,Uslu Ibrahim
2118,Obuz Ersel
2119,Boyacioglu Fuat
2120,Simavli Serap
2121,Kalender Mehmet
2122,Oz Mehmet
2123,Teber Hatice
2124,Davran Ramazan
2125,Kervan Nazmiye
2126,Arabul Mahmut
2127,Kirbas Serkan
2128,Turna Murat
2129,Arslan Muhammet
2130,Yigiter Remzi
2131,Ozcelik Mucahit
2132,Aktas Turan
2133,Kiroglu Yilmaz
2134,Kahraman Ahmet
2135,Uysal Recep
2136,Akman Inci
2137,Seydi Suleyman
2138,Kaya Nurullah
2139,Ziypak Tevfik
2140,Tanrioven Mugdesem
2141,Yavuz Ali
2142,Buyukkaya Eyup
2143,Ucar Faruk
2144,Tunay Kamil
2145,Yasar Ergun
2146,Gorur Mesut
2147,Akkurt Zeynep
2148,Sahan Leyla
2149,Demirer Derya
2150,Artis Abdusselam
2151,Bozkurt Necati
2152,Sahin Salim
2153,Altun Hakan
2154,Kara Cemil
2155,Taser Figen
2156,Kiraz Nuri
2157,Iskurt Ali
2158,Senel Unal
2159,Cosar Murat
2160,Duru Bulent
2161,Demirel Fatma
2162,Gonca Ergun
2163,Malkoc Meral
2164,Gulacti Umut
2165,Cicek Cuma
2166,Kizilkan Ayse
2167,Baslar Mehmet
2168,Akmaz Munteha
2169,Ozan Ulku
2170,Vural Mehmet
2171,Yazmalar Levent
2172,Birdal Furkan
2173,Cerit Muhammet
2174,Imat Fatih
2175,Oksuzler Oktay
2176,Savas Bilal
2177,Ozkanlar Yunusemre
2178,Adiguzelli Yasar
2179,Demir Recep
2180,Vural Ahmet
2181,Sakin Serdar
2182,Kati Ismail
2183,Mus Ekrem
2184,Atar Murat
2185,Bozkurt Ramazan
2186,Sagiroglu Ayse
2187,Keslioglu Kazim
2188,Polat Ediz
2189,Uysal Tancan
2190,Kirkboga Kadir
2191,Uzunoglu Mehmet
2192,Menemencioglu Kayhan
2193,Izgi Mustafa
2194,Kayci Lokman
2195,Arslan Bahriye
2196,Sarac Aysegul
2197,Ata Nurcan
2198,Yildiz Harun
2199,Koc Fatih
2200,Deniz Veli
2201,Coyan Kenan
2202,Buyukbas Sadik
2203,Agladioglu Sebahat
2204,Goksel Ferdi
2205,Gulcu Ismail
2206,Ilhan Salih
2207,Gurler Zafer
2208,Basar Omer
2209,Turkyilmaz Ibrahim
2210,Karahan Alper
2211,Simsek Levent
2212,Erkan Melih
2213,Yaprak Mustafa
2214,Karakoc Emine
2215,Alkis Huseyin
2216,Boz Erdogan
2217,Yilgor Ayse
2218,Kiris Abdulkadir
2219,Tok Mehmet
2220,Ercelik Hasan
2221,Ulucay Ismail
2222,Oruc Cem
2223,Sener Mustafa
2224,Sagir Yusuf
2225,Mutlu Hasan
2226,Karayel Mete
2227,Yasitli Nazmi
2228,Gorgulu Murat
2229,Isik Yuksel
2230,Ozgen Mustafa
2231,Sahin Eylem
2232,Ucan Musa
2233,Aslan Yasin
2234,Aksoy Nurten
2235,Cakmak Ecir
2236,Sekin Sefa
2237,Ozdemir Evren
2238,Veysal Cetin
2239,Tok Adem
2240,Aslantas Ali
2241,Seker Bilal
2242,Gencer Ercan
2243,Cetinkaya Nihat
2244,Sandalli Cemal
2245,Caglaya Kasim
2246,Soyoral Lokman
2247,Gokalp Mehmet
2248,Sarnel Haldun
2249,Dundar Sefa
2250,Catir Fulya
2251,Bostan Mehmet
2252,Ozkaya Erdogan
2253,Yilmaz Nafiye
2254,Universityer Mehmet
2255,Cakir Lutfullah
2256,Ozel Murat
2257,Ulker Mustafa
2258,Turkal Mustafa
2259,Karakas Eser
2260,Coskun Ozlem
2261,Civitci Sule
2262,Sarac Cem
2263,Sakcali Mehmet
2264,Efe Erkan
2265,Ersoz Mustafa
2266,Kokoglu Omer
2267,Korucu Demet
2268,Oflaz Huseyin
2269,Burunguz Mehmet
2270,Kilavuz Bulent
2271,Coban Harun
2272,Sengul Melike
2273,Inan Umit
2274,Muftuoglu Ahmet
2275,Kose Ahmet
2276,Oz Ahmet
2277,Baykara Haci
2278,Akbas Selcuk
2279,Madenci Ercan
2280,Emul Haci
2281,Aksoy Adnan
2282,Oguzturk Burcu
2283,Ozler Halil
2284,Ceyhan Betul
2285,Kurtaran Raif
2286,Tapan Ilhan
2287,Erdogan Niyazi
2288,Kayrak Mehmet
2289,Unal Emrah
2290,Kursun Ali
2291,Gunaydin Mithat
2292,Kartal Aslihan
2293,Yildirim Askin
2294,Alkawasmei Bassam
2295,Sevindik Emre
2296,Guney Nail
2297,Demirci Tevfik
2298,Keles Ibrahim
2299,Karatas Omer
2300,Haciefendioglu Kemal
2301,Akturk Ahmet
2302,Ozcan Erdem
2303,Gul Rauf
2304,Simavli Huseyin
2305,Demir Veysel
2306,Bayraktar Serdar
2307,Ugan Yunus
2308,Isik Ozlem
2309,Sarici Kazim
2310,Kutanis Rana
2311,Karabag Ozgur
2312,Geyik Faruk
2313,Gul Zakir
2314,Demirozu Mevlut
2315,Taskin Ferhat
2316,Guven Mustafa
2317,Cakmak Seyithan
2318,Guzey Zafer
2319,Uygun Mehmet
2320,Yildiz Esma
2321,Mujdeci Mustafa
2322,Kocyigit Necati
2323,Balci Serdal
2324,Basturk Mehmet
2325,Aydin Ali
2326,Kuyucu Fikret
2327,Aydin Hatip
2328,Ozturk Ozcan
2329,Cetinkaya Ahmet
2330,Gur Alim
2331,Eker Hasan
2332,Karatay Ali
2333,Goktas Ugur
2334,Iskender Betul
2335,Turkkan Baki
2336,Karabuga Ferhan
2337,Erduran Murat
2338,Akarsu Bayram
2339,Temiz Ahmet
2340,Unal Leyla
2341,Kurt Aysel
2342,Icten Bulent
2343,Sahin Nursel
2344,Ozturk Hasan
2345,Kucukdurmaz Alper
2346,Albayrak Erol
2347,Unlu Mehmet
2348,Karaagac Mehmet
2349,Yilmaz Mehmet
2350,Kece Murat
2351,Gulturk Sefa
2352,Tosun Halil
2353,Atli Ahmet
2354,Yavuz Selcuk
2355,Demircioglu Fatih
2356,Ulger Sukran
2357,Bayrakdar Harun
2358,Salli Ali
2359,Savas Esen
2360,Sayin Utku
2361,Kilicarslan Ramazan
2362,Bayar Levent
2363,Ulukan Mehmet
2364,Izmirli Mustafa
2365,Bayram Omer
2366,Ayhan Veysel
2367,Kaya Alaattin
2368,Atik Hasan
2369,Soydemir Suat
2370,Atanak Mustafa
2371,Ozsunar Erdal
2372,Motor Vicdan
2373,Sogut Erkan
2374,Cetin Firdevs
2375,Ersozlu Zehra
2376,Cacan Ihsan
2377,Ozturk Faruk
2378,Celikbilek Asuman
2379,Yildirim Eren
2380,Oksuz Ahmet
2381,Caniyilmaz Erdal
2382,Ari Ercan
2383,Oral Osman
2384,Copur Yalcin
2385,Yucel Mehmet
2386,Isik Daghan
2387,Inal Kemal
2388,Sariboga Nezaket
2389,Algan Said
2390,Yuce Murat
2391,Isa Kadir
2392,Akdogan Ilgaz
2393,Oran Bulent
2394,Gurel Cem
2395,Toraman Cengiz
2396,Toy Hatice
2397,Gonen Yakup
2398,Kose Muhammet
2399,Acar Ismail
2400,Cinkaya Muhammed
2401,Ozturk Fatih
2402,Bozkurt Durmus
2403,Cegil Ozkan
2404,Karabicak Ilhan
2405,Dikmen Bayazit
2406,Canatan Halit
2407,Ince Gulsum
2408,Tokat Deniz
2409,Gumrah Kadir
2410,Kutukcu Mehmet
2411,Donmez Mustafa
2412,Balakan Ozan
2413,Erdinc Bahattin
2414,Caliskan Ahmet
2415,Yigin Musa
2416,Sarac Hanifi
2417,Akcabay Fehmiye
2418,Yurtcu Hasan
2419,Kayhan Fatih
2420,Gunok Emrah
2421,Mohammad Rashid
2422,Oztuzcu Serdar
2423,Tuncer Abdullah
2424,Alsaran Akgun
2425,Karatas Orhan
2426,Serinken Mustafa
2427,Bozkurt Ali
2428,Akcay Emrah
2429,Yildiz Fatih
2430,Samancioglu Mustafa
2431,Yilmaz Mustafa
2432,Ozkan Orhan
2433,Gemci Remzi
2434,Okumus Seydi
2435,Saglam Omer
2436,Cakmaktepe Sukru
2437,Ozen Mustafa
2438,Tunc Mevlunt
2439,Yaman Huseyin
2440,Karsli Vedat
2441,Isik Cemal
2442,Izgi Kenan
2443,Guclu Saban
2444,Arikanoglu Zulfu
2445,Dikmen Erdal
2446,Sahin Hakan
2447,Sevindik Hakan
2448,Bayindir Mehmet
2449,Kose Murtaza
2450,Genc Abdurrahman
2451,Genc Asir
2452,Demir Ismail
2453,Omur Faik
2454,Catalbas Bulent
2455,Ozdinc Hulya
2456,Gumus Huseyin
2457,Korkmaz Nilufer
2458,Kaymakci Yasemin
2459,Ozenoglu Aliye
2460,Das Huseyin
2461,Kucuktufekci Murat
2462,Can Muhlis
2463,Yeloglu Turgut
2464,Cakar Burcu
2465,Korkmaz Yuksel
2466,Aldemir Mustafa
2467,Turk Cihan
2468,Uygur Ramazan
2469,Abakay Ozlem
2470,Cengiz Asim
2471,Aksu Muhammet
2472,Ozcan Lutfi
2473,Incebacak Davut
2474,Ural Abdullah
2475,Kaygana Mehmet
2476,Kaya Ilhan
2477,Tarikulu Abdullah
2478,Gursan Nesrin
2479,Cevik Cengiz
2480,Sari Oktay
2481,Bedir Abdulkerim
2482,Bozoglan Bahadir
2483,Kuscu Veysel
2484,Isik Mustafa
2485,Dagli Arif
2486,Kamci Hamdi
2487,Ayvaz Suleyman
2488,Kinsiz Mustafa
2489,Ercag Erol
2490,Akyol Omer
2491,Demir Vedat
2492,Arioz Umut
2493,Zeren Cem
2494,Seven Mehmet
2495,Gurbuz Riza
2496,Okuyucu Ali
2497,Akbas Kasim
2498,Leblebicioglu Osman
2499,Savas Murat
2500,Kuvat Samet
2501,Yigit Alper
2502,Kaynak Ramazan
2503,Kacar Seval
2504,Sahin Abdurrahman
2505,Erayman Ali
2506,Sen Unal
2507,Beydilli Halil
2508,Temiz Bilal
2509,Koan Mesut
2510,Aydin Necmeddin
2511,Sutcu Recep
2512,Ugurlu Esma
2513,Kilbas Benan
2514,Ozdin Kamil
2515,Ozcelik Selahattin
2516,Ilgen Aldulkadir
2517,Arik Muhammet
2518,Erdem Mustafa
2519,Aydin Kamil
2520,Asik Gulsah
2521,Cakmak Cenap
2522,Ozlen Muhammed
2523,Gul Bilal
2524,Ucan Yunus
2525,Karatas Bekir
2526,Cingu Abdullah
2527,Temel Mehmet
2528,Demirtas Ozgur
2529,Demirci Suleyman
2530,Genc Ernur
2531,Erdogan Hidayet
2532,Ege Ilhami
2533,Uz Ebru
2534,Kaya Murat
2535,Eren Adem
2536,Camas Anil
2537,Gurgen Melahat
2538,Varisli Lokman
2539,Kahraman Bayram
2540,Bosnak Vuslat
2541,Taskin Ihsan
2542,Yilmaz Irfan
2543,Seydi Ali
2544,Cig Eylem
2545,Yuksekkaya Mehmet
2546,Kart Hasan
2547,Ozer Hasan
2548,Andiran Nesibi
2549,Durna Ufuk
2550,Vural Omer
2551,Kadayifci Abdurrahman
2552,Yazar Harun
2553,Kilinc Halil
2554,Gokcesid Sinem
2555,Deveci Ozcan
2556,Erturk Ismail
2557,Kurt Ali
2558,Cetin Eyup
2559,Onder Mustafa
2560,Cim Abdullah
2561,Ozogul Bunyami
2562,Atasoglu Cengiz
2563,Ergul Selim
2564,Cardak Mehmet
2565,Celik Semra
2566,Bagci Muhiddin
2567,Tekinkus Mehmet
2568,Yuce Ihsan
2569,Baslar Suleyman
2570,Baldemir Ercan
2571,Arslan Demet
2572,Ozguner Halil
2573,Demir Faruk
2574,Akin Hatice
2575,Calban Turan
2576,Kalender Ebuzer
2577,Sonmezgoz Fitnet
2578,Dogan Abdullah
2579,Kucukoner Mustafa
2580,Hekim Hakan
2581,Cevik Hasan
2582,Alli Hasan
2583,Simsek Suleyman
2584,Sakarya Mehmet
2585,Can Alper
2586,Colakoglu Selcuk
2587,Habaci Ibrahim
2588,Calgan Mehmet
2589,Ersoz Murat
2590,Ertuc Huseyin
2591,Kaderli Berkant
2592,Telceken Sedat
2593,Balta Mustafa
2594,Yalcinbas Salih
2595,Cantek Laika
2596,Demirkol Ayhmet
2597,Tan Ilhan
2598,Ozcerit Ahmet
2599,Unal Bunyami
2600,Zengin Huseyin
2601,Ustun Abdullah
2602,Ulu Melike
2603,Cevikoglu Hasan
2604,Abuhandan Mahmut
2605,Dundar Ekrem
2606,Gungor Hasan
2607,Cakir Ozcan
2608,Karaca Mehmet
2609,Genc Lutfi
2610,Akan Zafer
2611,Harput Ummuhan
2612,Doganay Ulku
2613,Ozcoban Yusuf
2614,Turan Yusuf
2615,Ozturk Abdulkadir
2616,Duran Ahmet
2617,Albayrak Enver
2618,Kafali Hasan
2619,Ayyildiz Eyup
2620,Afyon Semih
2621,Asoglu Veysel
2622,Ozcan Erhan
2623,Ercin Mehmet
2624,Saglambilen Okan
2625,Sulak Meral
2626,Erakkus Ozgur
2627,Simsek Mesut
2628,Fedai Ozlem
2629,Barkot Zeynep
2630,Kildiran Menderes
2631,Basciftci Faruk
2632,Kars Meltem
2633,Haktanir Alpay
2634,Karkiner Nadide
2635,Ozman Ferhat
2636,Ozugurlu Aynur
2637,Tarim Seyda
2638,Kutlubay Recep
2639,Atalay Tugay
2640,Dag Ersel
2641,Korkmaz Ozgen
2642,Kurt Omer
2643,Celik Akin
2644,Helvaci Mehmet
2645,Seker Betul
2646,Gurbuz Meral
2647,Kocamaz Erdogan
2648,Sarikurkcu Cengiz
2649,Atay Tolga
2650,Goksu Turgut
2651,Cinkaya Ahmet
2652,Kuk Salih
2653,Hazir Mesut
2654,Sari Murat
2655,Ozsarac Murat
2656,Demirer Ahmet
2657,Kaya Lilufer
2658,Kozan Ramazan
2659,Aras Erdal
2660,Keskin Yusuf
2661,Cenet Osman
2662,Aktas Serdar
2663,Varoglu Erhan
2664,Toman Huseyin
2665,Yucekaya Gulay
2666,Camas Mustafa
2667,Ic Suleyman
2668,Sakiroglu Muhammet
2669,Ulusoy Hasan
2670,Kurt Seref
2671,Ucar Mehmet
2672,Bal Tufan
2673,Dikici Bunyamin
2674,Ekici Kemal
2675,Bahsi Sumeyye
2676,Alkayis Muhammet
2677,Ay Yusuf
2678,Yildiz Yuksel
2679,Pos Abdullah
2680,Gergerlioglu Hasan
2681,Tanor Oget
2682,Eroglu Mehmet
2683,Erdem Mehmet
2684,Aydogmus Hacer
2685,Yurt Eyup
2686,Uzun Kursat
2687,Aydemir Muzaffer
2688,Ozturk Ertan
2689,Cinsdikici Muhammet
2690,Alpayci Mahmut
2691,Kara Emin
2692,Kilic Zubeyir
2693,Yesildal Hatice
2694,Simsek Halil
2695,Ozbay Murat
2696,Emeksiz Zeynep
2697,Sanli Ismet
2698,Topac Osman
2699,Ozturk Ibrahim
2700,Sen Hacer
2701,Unal Halil
2702,Karabacak Mehmet
2703,Inci Zerife
2704,Anay Harun
2705,Ulger Zekeriya
2706,Ciftci Mehmet
2707,Tutak Mustafa
2708,Guler Ekrem
2709,Topcu Eral
2710,Akar Neset
2711,Sari Sadettin
2712,Ozcan Durdu
2713,Yazici Burhan
2714,Alac Ali
2715,Karabulut Nevza
2716,Celebi Murat
2717,Oktay Onur
2718,Gunay Orhan
2719,Turan Mehmet
2720,Ayan Mehmet
2721,Sarac Cemal
2722,Altintas Hakan
2723,Dokuzoglu Mehmet
2724,Cenkci Suleyman
2725,Oflaz Mustafa
2726,Ildes Ozgur
2727,Arslan Akif
2728,Ercan Suleyman
2729,Ekin Yunus
2730,Baytar Mustafa
2731,Bulbul Cemil
2732,Bulut Melek
2733,Yazici Hilmi
2734,Vural Ozkan
2735,Boyaci Yasar
2736,Alihanoglu Yusuf
2737,Avci Musa
2738,Vardi Recep
2739,Jr Clyde
2740,Civan Mehmet
2741,Bez Yasin
2742,Yildirim Serap
2743,Baslar Kemal
2744,Tunay Zeki
2745,Eken Cenker
2746,Gul Mustafa
2747,Kuzpinari Tufan
2748,Bozkus Ferhat
2749,Kiraci Murat
2750,Bay Yalcin
2751,Sahin Ali
2752,Barut Nesli
2753,Caliskan Erkan
2754,Avsar Umit
2755,Kurt Savas
2756,Yeniceri Tulay
2757,Karsli Abdurrahim
2758,Ozkececi Ziya
2759,Cebe Mehmet
2760,Gunes Ismail
2761,Kaba Metin
2762,Torun Salih
2763,Tantay Bahadir
2764,Aktas Haci
2765,Sekerci Ali
2766,Zkan Mahmut
2767,Erzurumluoglu Ali
2768,Bulut Kenan
2769,Sezgin Ayse
2770,Bozali Nuri
2771,Erdal Serkan
2772,Yoruk Sinan
2773,Abakay Abdurrahman
2774,Topuz Ilhan
2775,Nalin Halime
2776,Karaosmanoglu Fatih
2777,Barak Osman
2778,Ulus Pervin
2779,Korkmaz Huseyin
2780,Ince Bayram
2781,Degirmenci Hakan
2782,Inan Muharrem
2783,Rathke Leyla
2784,Ozsoy Seckin
2785,Dogru Bulent
2786,Dogruyol Zekeriya
2787,Erer Sait
2788,Metin Erhan
2789,Altinel Levent
2790,Koltuksuz Ugur
2791,Usman Mustafa
2792,Zorbaz Kemal
2793,Zorba Yahya
2794,Ugurlu Yavuz
2795,Duymus Mahmut
2796,Tozoglu Ummuhan
2797,Erkan Ersin
2798,Asan Gunes
2799,Demirci Neset
2800,Sekerci Ahmet
2801,Tuncer Faruk
2802,Koc Akif
2803,Inci Melek
2804,Ocak Ibrahim
2805,Kapsiz Murat
2806,Kir Ibrahim
2807,Solmaz Ali
2808,Aslan Muhammed
2809,Kucuk Mehmet
2810,Citci Sinan
2811,Bal Durmus
2812,Van Nureddin
2813,Tas Tekin
2814,Malkoc Emine
2815,Yeniceri Harun
2816,Kara Murat
2817,Tosun Haci
2818,Kahya Nimet
2819,Sengul Ahmet
2820,Akkilik Zeynep
2821,Kocak Muhammet
2822,Edisan Zehra
2823,Tanik Serhat
2824,Asik Biray
2825,Un Hayri
2826,Karabiber Namik
2827,Gursul Fatih
2828,Cece Hasan
2829,Guler Metin
2830,Acer Zabit
2831,Ozturk Esra
2832,Dagli Mahmut
2833,Goksugur Sevil
2834,Karagoz Kasim
2835,Inci Mehmet
2836,Yasar Umit
2837,Celiksoz Ali
2838,Karakurt Hasan
2839,Garipardic Mesut
2840,Dogan Ali
2841,Aktas Ali
2842,Avci Mehmet
2843,Yazici Selma
2844,Cevher Ezgi
2845,Kiyak Aliye
2846,Ozdamar Gokhan
2847,Dagli Ummuhan
2848,Boyaci Ismail
2849,Erdem Idris
2850,Ozgen Ferhat
2851,Kahraman Nurcan
2852,Turalioglu Fatma
2853,Elbey Mehmet
2854,Tekbas Guven
2855,Laciner Saadet
2856,Arpaci Mucahit
2857,Annagur Bilge
2858,Cengiz Mustafa
2859,Gultekin Ahmet
2860,Uysal Elif
2861,Kacire Ilhan
2862,Yesilyurt Etem
2863,Ata Rasit
2864,Bayram Parvana
2865,Ozturk Nurettin
2866,Ugu Abdulhadi
2867,Unal Burhan
2868,Gencturk Muharrem
2869,Cicek Ersan
2870,Koc Yusuf
2871,Cagatay Uluc
2872,Gormus Alparslan
2873,Cetin Dogan
2874,Bayhan Zulfu
2875,Koksal Ismail
2876,Sahin Ismail
2877,Caliskan Ali
2878,Iyidil Filiz
2879,Kayacan Ozhan
2880,Ardiclioglu Mehmet
2881,Guner Cansever
2882,Ertas Elif
2883,Ercal Baris
2884,Tuzel Sait
2885,Uslu Yasar
2886,Sanal Bekir
2887,Toprak Selcuk
2888,Tilki Muammer
2889,Bagci Cahit
2890,Yeksan Ayse
2891,Cakici Suleyman
2892,Ergin Veysel
2893,Savik Emin
2894,Erol Mehmet
2895,Turkmenoglu Veli
2896,Goknar Hulya
2897,Guzeloglu Aydin
2898,Asyali Musa
2899,Ozcan Ugur
2900,Capkin Musa
2901,Atci Nesrin
2902,Ilhan Atilla
2903,Azeri Siyaves
2904,Guney Deniz
2905,Yucel Yusuf
2906,Uzun Ertugrul
2907,Coskun Ramazan
2908,Aytac Tufan
2909,Damlar Ibrahim
2910,Bozkurt Fatma
2911,Karakus Ali
2912,Fidan Fatma
2913,Eyibilen Ahmet
2914,Yaykasli Kursat
2915,Erdogan Cetin
2916,Yildiz Osman
2917,Simsek Ozkan
2918,Gun Ramazan
2919,Adiguzel Unal
2920,Karaca Cetin
2921,Sandir Hakan
2922,Satis Ihsan
2923,Yenitepe Recep
2924,Senoguz Hatice
2925,Kara Ekrem
2926,Oral Kursat
2927,Sahin Serap
2928,Tasdelen Mehmet
2929,Usak Muhammet
2930,Okmen Mustafa
2931,Sahin Cemil
2932,Celik Nur
2933,Ceyhan Koksal
2934,Duman Sitki
2935,Seyrek Kamil
2936,Kahveci Ajda
2937,Yalcin Mahmut
2938,Akbulak Mehmet
2939,Sonmez Mehmet
2940,Kiraz Ayhan
2941,Unsaldi Levent
2942,Colak Mehmet
2943,Kurul Mustafa
2944,Karatay Saliha
2945,Ozhan Hakan
2946,Demir Cengiz
2947,Yucel Gercek
2948,Kirik Ihsan
2949,Kivilcim Zeynep
2950,Ozdemir Muhsin
2951,Cimencan Murat
2952,Ornek Tacettin
2953,Percinel Sibel
2954,Kaplanoglu Mustafa
2955,Ata Mursel
2956,Arslan Siddik
2957,Tan Kadir
2958,Usta Keziban
2959,Sacar Suzan
2960,Cirak Iffet
2961,Eryilmaz Mesur
2962,Aktas Davut
2963,Yuksel Melih
2964,Metin Mustafa
2965,Bayrak Temel
2966,Erem Cihangir
2967,Yigit Ayse
2968,Yazici Huseyin
2969,Cipil Handan
2970,Kiyan Tuba
2971,Akyuzoglu Huseyin
2972,Duzenli Gursel
2973,Turkmen Ramazan
2974,Aydin Emsal
2975,Yuksel Suleyman
2976,Kurbanoglu Cahit
2977,Yuksekkaya Hasan
2978,Umucu Yakup
2979,Akarsubasi Alper
2980,Kargi Ertugrul
2981,Songur Ahmet
2982,Kahraman Muhammet
2983,Bozkurt Ilkay
2984,Gorgunoglu Salih
2985,Arsel Ismail
2986,Sarikaya Savas
2987,Ermis Fatih
2988,Dogan Gulnihal
2989,Kuzhan Abdurrahman
2990,Bilgin Osman
2991,Durmaz Yasar
2992,Yazici Mehmet
2993,Sahin Ahmet
2994,Bayram Recep
2995,Cinar Hasan
2996,Yalcin Arzu
2997,Karaaslan Yasar
2998,Bilmedi Naif
2999,Ucan Kenan
3000,Bayindir Muhammed
3001,Bulut Iclal
3002,Kaya Yilmaz
3003,Gunduz Erol
3004,Satilmis Hasan
3005,Karadas Sukriye
3006,Elmas Nedret
3007,Sunbul Mustafa
3008,Kilic Bulent
3009,Yagci Server
3010,Tuzcu Mehmet
3011,Turmus Mehmet
3012,Yildiz Bekir
3013,Ucmak Hasan
3014,Savas Muhmmet
3015,Toker Zuhal
3016,Alur Ihsan
3017,Dayik Mehmet
3018,Ogurlu Uzeyir
3019,Onal Ibrahim
3020,Muftuoglu Ali
3021,Yazici Engin
3022,Yaman Havva
3023,Ozdamar Mehmet
3024,Kucukkirca Iclal
3025,Eroglu Habip
3026,Ozturk Serkan
3027,Adakli Gulseren
3028,Kavas Huseyin
3029,Kurt Sultan
3030,Cengiz Suleyman
3031,Elma Fikret
3032,Akpinar Yusuf
3033,Yildiz Zafer
3034,Ozguner Gulnur
3035,Ozcan Vedat
3036,Ozdemir Funda
3037,Yaman Melda
3038,Oksuz Adil
3039,Yildiz Feyyaz
3040,Kurt Huseyin
3041,Ozdemir Ismail
3042,Ikbal Mevlut
3043,Marulcu Ismail
3044,Soysal Ahmet
3045,Mutlu Fatih
3046,Bilican Recep
3047,Hosnuter Mubin
3048,Yildiz Mustafa
3049,Kocyigit Ali
3050,Andiran Fatih
3051,Caglar Veli
3052,Lodoglu Nilay
3053,Hatipoglu Oktay
3054,Cengeloglu Yunus
3055,Yilmaz Hasim
3056,Kayaalti Zeliha
3057,Gules Ozay
3058,Taspinar Haci
3059,Berk Elife
3060,Karabekir Munire
3061,Eryilmaz Aytekin
3062,Tetin Mehmet
3063,Gunay Banihan
3064,Alper Yasemin
3065,Atmaca Mehmet
3066,Erdurmus Mesut
3067,Koklukaya Etem
3068,Buyukberber Nuray
3069,Ozgun Yasemin
3070,Ulvi Hizir
3071,Ulesin Mahmut
3072,Parmaksiz Ramazan
3073,Cekicel Yesim
3074,Gokgoz Ahmet
3075,Tasdemir Sener
3076,Ari Vedat
3077,Etoz Osman
3078,Sakalar Cagri
3079,Kilkis Dogan
3080,Gunes Ahmet
3081,San Sait
3082,Bilgin Sefai
3083,Aypay Ahmet
3084,Pancar Emine
3085,Gurses Didem
3086,Demir Haci
3087,Eroglu Ahmet
3088,Akbulut Halim
3089,Avci Yasin
3090,Kocak Dilek
3091,Erdinc Ahmet
3092,Firat Elif
3093,Topal Yusuf
3094,Lofca Izzet
3095,Bayhan Seden
3096,Ozdemir Mevci
3097,Eskikurt Halil
3098,Isik Turgay
3099,Demiray Mehmet
3100,Ulu Cafer
3101,Ozuguz Pinar
3102,Capar Ismail
3103,Aktas Alaattin
3104,Batmaz Sakir
3105,Ozkan Tahir
3106,Erden Ersin
3107,Yaman Erkan
3108,Alkan Mahir
3109,Tankut Nurgul
3110,Yesilyurt Cemal
3111,Demirkiran Davut
3112,Yildi Hasan
3113,Solak Okan
3114,Zengin Yilmaz
3115,Karaman Taha
3116,Dogdu Orhan
3117,Begenik Huseyin
3118,Yildirim Abdulkadir
3119,Yigin Mehtap
3120,Gencer Meryem
3121,Kaya Zekeriya
3122,Alkilinc Oruc
3123,Sever Ali
3124,Ozdemir Ismet
3125,Hocaoglu Emre
3126,Durna Tuncay
3127,Dogan Adnan
3128,Gul Adnan
3129,Ogretmen Fatih
3130,Guler Gulnur
3131,Aslan Adnan
3132,Bulbul Ferhat
3133,Komurcu Erkam
3134,Ozoglu Murat
3135,Caliskan Halil
3136,Goregenli Melek
3137,Sahin Serkan
3138,Cakir Ugur
3139,Aktas Cevat
3140,Senyer Nurettin
3141,Ibrahimorung Ibrahimorung
3142,Akkaya Rana
3143,Arslan Nagehan
3144,Solak Adem
3145,Icli Atilla
3146,Yildirim Fatih
3147,Kilicbeyli Elife
3148,Ipek Arif
3149,Cavdar Emre
3150,Gurbuz Mehmet
3151,Kahraman Mehmet
3152,Gozen Abdurrahim
3153,Basoren Mehmet
3154,Celik Muhsin
3155,Ozturk Oktay
3156,Ozturk Yener
3157,Kutanis Dilek
3158,Erol Mustafa
3159,Ellek Hasan
3160,Akpinar Ihsan
3161,Pamuk Omer
3162,Gunay Bekir
3163,Karatas Mustafa
3164,Kocabas Ramazan
3165,Aslan Yuce
3166,Cetinel Hakan
3167,Catlioglu Hakan
3168,Kalkan Yildiray
3169,Demir Gokhan
3170,Universityer Turgay
3171,Penabgul Necmettin
3172,Ozbek Orhan
3173,Ayata Tahir
3174,Gurbuz Adnan
3175,Kisacik Bunyamin
3176,Bilgin Ncedet
3177,Tekelioglu Oguz
3178,Orenc Asir
3179,Sogut Ayhan
3180,Yagmur Fatih
3181,Acat Mehmet
3182,Atmaca Sedat
3183,Hasiloglu Zehra
3184,Acikkaya Savas
3185,Ozturk Veysi
3186,Yanik Keramettin
3187,Fadillioglu Ersin
3188,Yildirim Ali
3189,Batar Turan
3190,Sahan Halil
3191,Goren Suleyman
3192,Boran Tugce
3193,Gultekin Kubra
3194,Avsar Ummu
3195,Kalafat Sezai
3196,Tufan Fatih
3197,Ozcan Erdal
3198,Annagur Ali
3199,Calis Hakan
3200,Yasar Huseyin
3201,Kara Hatibe
3202,Baser Kadir
3203,Yildirim Unal
3204,Bozoglan Hilal
3205,Karabulut Savas
3206,Gocen Erkan
3207,Gumus Aziz
3208,Sariaydin Muzaffer
3209,Senol Ali
3210,Miran Bulent
3211,Uz Efkan
3212,Kiziltunc Muhammed
3213,Yener Mahmut
3214,Ekim Sefika
3215,Sinir Hayati
3216,Temizoz Osman
3217,Bal Mehmet
3218,Aksoy Veli
3219,Alcelik Aytekin
3220,Ozuguz Ufuk
3221,Mert Ramazan
3222,Demireli Cemalettin
3223,Sengul Engin
3224,Unlu Erhan
3225,Coskun Eyyup
3226,Nazli Mumtaz
3227,Akkucuk Seeckin
3228,Karabiber Mehmet
3229,Sengul Zehra
3230,Basak Cengiz
3231,Bayraktaroglu Serkan
3232,Aslan Emel
3233,Acarturk Gursel
3234,Saritemur Murat
3235,Basegit Yucel
3236,Cakici Musa
3237,Demir Ibrahim
3238,Tatli Mustafa
3239,Esen Huseyin
3240,Koksal Nurullah
3241,Kaya Selcuk
3242,Cakmakli Selim
3243,Durman Mustafa
3244,Celik Sengul
3245,Yildiz Ramazan
3246,Bozkurt Eshabil
3247,Cekin Abdulkadir
3248,Camci Meral
3249,Borekci Abdurrezzak
3250,Teres Ersin
3251,Erdogan Mehmet
3252,Kabakcili Osman
3253,Erzurumluoglu Bayram
3254,Ercan Onder
3255,Sehitoglu Ibrahim
3256,Akul Muhittin
3257,Karababa Ibrahim
3258,Ozdemir Osman
3259,Sahin Dursun
3260,Zengin Halit
3261,Turkmen Hasan
3262,Ersoy Rasit
3263,Sahin Zerrin
3264,Koksal Yuksel
3265,Kamak Hasan
3266,Kaya Mehmet
3267,Kurt Ismail
3268,Kocak Recep
3269,Turkmen Seyfullah
3270,Solak Mehmet
3271,Karadas Celalettin
3272,Kurt Hasan
3273,Sahin Osman
3274,Unal Birsen
3275,Guney Ayhan
3276,Nacar Ahmet
3277,Yilmaz Salih
3278,Sise Omer
3279,Akyuz Yilmaz
3280,Kula Seher
3281,Kirbas Aynur
3282,Kantarci Fatih
3283,Goktepe Huseyin
3284,Sezer Rifat
3285,Kilicarslan Alpaslan
3286,Celik Salih
3287,Derdiman Ramazan
3288,Guntekin Ergun
3289,Ozmen Ozgur
3290,Ulutin Hasan
3291,Nebioglu Mehmet
3292,Kaderli Aysel
3293,Ozcan Ahmet
3294,Arslan Vasfi
3295,Serin Gokhan
3296,Akturk Selcuk
3297,Kilic Mehmet
3298,Seban Demet
3299,Kurban Rifat
3300,Kursun Gunal
3301,Bagdigen Muhlis
3302,Demirtas Hakan
3303,Akkar Ozlem
3304,Bayraktar Ahmet
3305,Bese Ertan
3306,Bodur Abdurrahman
3307,Balkan Ayse
3308,Celik Ali
3309,Uzun Ismail
3310,Yildirim Cihan
3311,Ondul Neziha
3312,Yuksel Ilhami
3313,Demirel Teoman
3314,Kara Muhammed
3315,Duzgun Sukru
3316,Ozsu Savas
3317,Emir Seyfi
3318,Aydemir Nurdane
3319,Kursun Olcay
3320,Aksoy Yilmaz
3321,Yaylak Erdal
3322,Karadag Yasin
3323,Islam Nazir
3324,Sen Ziya
3325,Mumyakmaz Bekir
3326,Sefil Fatih
3327,Sisman Osman
3328,Koken Gulen
3329,Yalinkilic Baris
3330,Parali Tezcan
3331,Altunok Muhammet
3332,Kanay Zeki
3333,Turkmen Hafize
3334,Acar Mustafa
3335,Golcu Mustafa
3336,Bozkurt Hasan
3337,Tanriverdi Hakan
3338,Ugulu Ilker
3339,Ogut Adem
3340,Yaylagul Miyase
3341,Demir Erdal
3342,Arslanoglu Zeki
3343,Koyuncu Mustafa
3344,Selcuk Ayhan
3345,Altintas Suleyman
3346,Tas Elif
3347,Dirier Ahmet
3348,Akcay Mustafa
3349,Simsek Harun
3350,Sener Umit
3351,Senturk Ihsan
3352,Yasar Ulkuhan
3353,Carsancakli Suleyman
3354,Adak Mutlu
3355,Korucu Tayfun
3356,Savas Nurettin
3357,Kanter Mehmet
3358,Ozdemir Besime
3359,Yildirim Tahsin
3360,Ercetin Muhammed
3361,Kahraman Cuneyt
3362,Akcan Recep
3363,Erdogan Elif
3364,Ulman Burak
3365,Gurbuzler Levent
3366,Tegin Ibrahim
3367,Gumustekin Kenan
3368,Onal Ali
3369,Doganay Selim
3370,Tekinay Turgay
3371,Yanik Murat
3372,Colak Esra
3373,Cakildere Bekir
3374,Parlak Adnan
3375,Tuncel Sedat
3376,Gul Ismail
3377,Aktas Abdurrazzak
3378,Kusgoz Adem
3379,Ibicioglu Hasan
3380,Uslu Enver
3381,Birincioglu Mustafa
3382,Ozcan Mehmet
3383,Ozturk Ismet
3384,Demirci Halil
3385,Kilic Eylem
3386,Demirdag Oktay
3387,Gurel Ahmet
3388,Gunes Fahri
3389,Yeniterzi Mehmet
3390,Uzkeser Mustafa
3391,Erbag Gokhan
3392,Aydogan Hakan
3393,Altuntas Irfan
3394,Kaplan Yavuz
3395,Ceyhan Ali
3396,Kilincaslan Ayse
3397,Aksakal Ercument
3398,Kilic Recep
3399,Kocaman Sinan
3400,Aliskan Tamer
3401,Ozdes Taskin
3402,Uysal Murat
3403,Ucun Ismail
3404,Can Ali
3405,Zencir Mehmet
3406,Gedik Kadir
3407,Yildiz Muharrem
3408,Derin Serhan
3409,Uyar Yavuz
3410,Kargin Tayyibe
3411,Gisi Erdal
3412,Abdioglu Hasan
3413,Yazgan Omer
3414,Okur Hamit
3415,Bagci Riza
3416,Aslan Huseyin
3417,Tahan Erhan
3418,Bayir Erdal
3419,Askin Mehmet
3420,Tunc Bahattin
3421,Aytekin Ali
3422,Yargic Lutfi
3423,Kaya Asli
3424,Gunay Ramazan
3425,Alici Sabiha
3426,Ulu Ayse
3427,Duru Mehmet
3428,Pakdemirli Mefkure
3429,Mengeloglu Firat
3430,Yildizhan Hasan
3431,Acar Hasan
3432,Seyhan Beyazit
3433,Kalay Mustafa
3434,Niyazioglu Fatma
3435,Senturk Erdogan
3436,Tuzcu Esra
3437,Pamuk Gulsum
3438,Kaya Ziya
3439,Sozer Mehmet
3440,Delice Engin
3441,Aydin Mesut
3442,Boyaci Fatima
3443,Bakis Murat
3444,Evirgen Omer
3445,Onal Levent
3446,Koca Guler
3447,Kuyuk Huseyin
3448,Elmali Abdurrahman
3449,Yaman Mehmet
3450,Demir Ekrem
3451,Gure Mulayim
3452,Ayvaz Zafer
3453,Dincer Caner
3454,Sagir Mustafa
3455,Kemaloglu Mustafa
3456,Coban Aykut
3457,Pilicer Ercan
3458,Copoglu Umit
3459,Keskin Mesut
3460,Pala Akin
3461,Karakiz Mehmet
3462,Aksay Kadir
3463,Cetin Nazmi
3464,Aydin Hamdi
3465,Yildiz Murat
3466,Dervisoglu Muhammet
3467,Sevilgen Suleyman
3468,Yener Ali
3469,Koseoglu Yuksel
3470,Topaloglu Naci
3471,Kayikci Ramazan
3472,Bolat Hakan
3473,Budak Ali
3474,Catalbas Resul
3475,Unal Suzan
3476,Nisanci Recep
3477,Coskun Kerem
3478,Bucaktepe Adil
3479,Yordem Abdullah
3480,Kocturk Fatih
3481,Koca Burcu
3482,Yazar Turgay
3483,Demir Tuncer
3484,Acar Gurkan
3485,Islamoglu Yahya
3486,Ozmen Yilmaz
3487,Bozdag Zubeyir
3488,Kenar Ismail
3489,Bayraktar Alemdar
3490,Durmus Mustafa
3491,Dikmen Sibel
3492,Cetin Saban
3493,Kuyumcu Mehmet
3494,Dal Vedat
3495,Koc Eyup
3496,Erol Selahattin
3497,Sacar Mustafa
3498,Isik Abdulkadir
3499,Cakir Ismail
3500,Bayram Ali
3501,Karaisa Ali
3502,Erol Ahmet
3503,Degerliyurt Mehmet
3504,Kavacik Mustafa
3505,Sargin Seyit
3506,Pektezel Halid
3507,Aypek Mahmut
3508,Bayrak Omer
