,SearchNames
0,AU=AYDIN AYDIN
1,AU=GİLGİL ERDAL
2,AU=HALAÇ METİN
3,AU=YÜCE ABDULHAKİM
4,AU=KIRIŞ ABDULKADİR
5,AU=KÜÇÜKBAYRAK ABDULKADİR
6,AU=YILDIRIM ABDULKADİR
7,AU=ÇEKİN ABDULKADİR
8,AU=ŞENGÜN ABDULKADİR
9,AU=BEDİR ABDULKERİM
10,AU=AKPINAR ABDULLAH
11,AU=BAL ABDULLAH
12,AU=ŞENGÜL ABDULLAH
13,AU=DEMİR ABDULLAH
14,AU=DOĞAN ABDULLAH
15,AU=EKİZER ABDULLAH
16,AU=ERDİL ABDULLAH
17,AU=ERGİN ABDULLAH
18,AU=SEÇKİN ABDULLAH
19,AU=KIRAN ABDULLAH
20,AU=ÜSTÜN ABDULLAH
21,AU=CİNGÜ ABDULLAH
22,AU=AKSOY ABDULLAH
23,AU=TUNCER ABDULLAH
24,AU=MUTLU ABDULLAH
25,AU=KILDAN ABDULLAH
26,AU=POŞ ABDULLAH
27,AU=SÖNMEZ ABDULLAH
28,AU=URAL ABDULLAH
29,AU=YÖRDEM ABDULLAH
30,AU=TARIKULU ABDULLAH
31,AU=ÇİM ABDULLAH
32,AU=İNALCIK ABDULLAH
33,AU=ASLAN ABDULSELAM
34,AU=GÖK ABDULVAHAP
35,AU=ÖZTÜRK ABDURAHMAN
36,AU=ABAKAY ABDURRAHMAN
37,AU=DALGIÇ ABDURRAHMAN
38,AU=ELMALI ABDURRAHMAN
39,AU=GENÇ ABDURRAHMAN
40,AU=KADAYIFÇI ABDURRAHMAN
41,AU=KUZHAN ABDURRAHMAN
42,AU=KİREMİTÇİ ABDURRAHMAN
43,AU=BODUR ABDURRAHMAN
44,AU=ŞAHİN ABDURRAHMAN
45,AU=ELDEMİR ABDURRAHİM
46,AU=EMHAN ABDURRAHİM
47,AU=GÖZEN ABDURRAHİM
48,AU=AKTAŞ ABDURRAZZAK
49,AU=BÖLÜKBAŞI ABDURREHİM
50,AU=BÖREKCİ ABDURREZZAK
51,AU=ÖZSEVİK ABDÜL
52,AU=UĞU ABDÜLHADİ
53,AU=ÖZDENİZ ABDÜLHADİ
54,AU=IŞIK ABDÜLKADİR
55,AU=KOÇER ABDÜLKADİR
56,AU=ÖZTÜRK ABDÜLKADİR
57,AU=KARSLI ABDÜRRAHİM
58,AU=ARTIŞ ABDÜSSELAM
59,AU=DEMİR ADALET
60,AU=BEKLER ADEM
61,AU=EREN ADEM
62,AU=ERKUT ADEM
63,AU=GÜL ADEM
64,AU=GÜNGÖR ADEM
65,AU=IŞIK ADEM
66,AU=KARA ADEM
67,AU=KARACA ADEM
68,AU=KARATAŞ ADEM
69,AU=KORUKCU ADEM
70,AU=KUŞGÖZ ADEM
71,AU=SOLAK ADEM
72,AU=TOK ADEM
73,AU=TOPKARA ADEM
74,AU=ÖCAL ADEM
75,AU=ÖZKAN ADEM
76,AU=ÖĞÜT ADEM
77,AU=ÜN ADEM
78,AU=AKSOY ADNAN
79,AU=ASLAN ADNAN
80,AU=BARUT ADNAN
81,AU=CEYLAN ADNAN
82,AU=DOĞAN ADNAN
83,AU=GÜL ADNAN
84,AU=GÜRBÜZ ADNAN
85,AU=KARADÜZ ADNAN
86,AU=PARLAK ADNAN
87,AU=YAVUZ ADNAN
88,AU=ÇİNAL ADNAN
89,AU=ÖZYILMAZ ADNAN
90,AU=BUCAKTEPE ADİL
91,AU=KARADAĞ ADİL
92,AU=KILIÇ ADİL
93,AU=ÖKSÜZ ADİL
94,AU=DENK AFFAN
95,AU=KARAVELİOĞLU AFKA
96,AU=EKİNCİ AFRA
97,AU=GÜMÜŞÇÜ AHHMET
98,AU=AĞIR AHME
99,AU=AYAÇ AHME
100,AU=TANRIKULU AHMED
101,AU=TEKİNAY AHMET
102,AU=AFYON AHMET
103,AU=AKBAŞ AHMET
104,AU=AKTÜRK AHMET
105,AU=AKÇAY AHMET
106,AU=ALTINTAŞ AHMET
107,AU=SANCAKTUTAR AHMET
108,AU=ATLI AHMET
109,AU=AYPAY AHMET
110,AU=BAL AHMET
111,AU=BAYLAR AHMET
112,AU=BAYRAKTAR AHMET
113,AU=BAYTAK AHMET
114,AU=BEDİR AHMET
115,AU=BEKİR AHMET
116,AU=BEŞKAYA AHMET
117,AU=BIYIK AHMET
118,AU=BOYACI AHMET
119,AU=BULUT AHMET
120,AU=TURHAN AHMET
121,AU=ŞENGÜL AHMET
122,AU=DURAK AHMET
123,AU=YENİDÜNYA AHMET
124,AU=DAĞDAŞ AHMET
125,AU=DEMİR AHMET
126,AU=DEMİRER AHMET
127,AU=AYSEV AHMET
128,AU=DURAN AHMET
129,AU=DUVAN AHMET
130,AU=DİLEK AHMET
131,AU=DİRİER AHMET
132,AU=MÜFTÜOĞLU AHMET
133,AU=EKMEKYAPAR AHMET
134,AU=ŞEKERCİ AHMET
135,AU=ERDİNÇ AHMET
136,AU=EROL AHMET
137,AU=EYİBİLEN AHMET
138,AU=KILIÇ AHMET
139,AU=YÜCEL AHMET
140,AU=GAYRETLİ AHMET
141,AU=GÖKGÖZ AHMET
142,AU=GÖKÇİMEN AHMET
143,AU=GÜNER AHMET
144,AU=GÜNEŞ AHMET
145,AU=GÜREL AHMET
146,AU=GÜZEL AHMET
147,AU=ERTAŞ AHMET
148,AU=KÖSE AHMET
149,AU=EROĞLU AHMET
150,AU=KAHRAMAN AHMET
151,AU=KARAASLAN AHMET
152,AU=KARADAĞ AHMET
153,AU=KARATAŞ AHMET
154,AU=KAYA AHMET
155,AU=GÜLTEKİN AHMET
156,AU=KESKİN AHMET
157,AU=KILIÇ AHMET
158,AU=KUNDURACIOĞLU AHMET
159,AU=KİZİRGİL AHMET
160,AU=UĞUR AHMET
161,AU=MENKÜ AHMET
162,AU=ONAT AHMET
163,AU=AYTEKİN AHMET
164,AU=PIINAR AHMET
165,AU=GÜNEŞ AHMET
166,AU=NACAR AHMET
167,AU=SİRKECİOĞLU AHMET
168,AU=ÖZCİVAN AHMET
169,AU=OKUMUŞ AHMET
170,AU=ÇELİK AHMET
171,AU=PASİNLİ AHMET
172,AU=PEKCAN AHMET
173,AU=YAYLA AHMET
174,AU=DİZKIRICI AHMET
175,AU=SONGUR AHMET
176,AU=SOYSAL AHMET
177,AU=SÜRÜCÜ AHMET
178,AU=TEMİZ AHMET
179,AU=TEMİZYÜREK AHMET
180,AU=ULUS AHMET
181,AU=ÖZCERİT AHMET
182,AU=TUTOĞLU AHMET
183,AU=ULUDAĞ AHMET
184,AU=UYSAL AHMET
185,AU=UÇAR AHMET
186,AU=UÇAR AHMET
187,AU=VAR AHMET
188,AU=VURAL AHMET
189,AU=GÜNGÖR AHMET
190,AU=YEŞİLDAĞ AHMET
191,AU=YILDIRIM AHMET
192,AU=ATA AHMET
193,AU=YULAFCI AHMET
194,AU=YUMUŞAK AHMET
195,AU=YÖNEM AHMET
196,AU=ÇALIŞKAN AHMET
197,AU=ÇAVDAR AHMET
198,AU=ÇELİK AHMET
199,AU=CAN AHMET
200,AU=ÇETİNKAYA AHMET
201,AU=ÇİNKAYA AHMET
202,AU=ÇİNİ AHMET
203,AU=ÖKSÜZ AHMET
204,AU=ÖRNEK AHMET
205,AU=ÖZ AHMET
206,AU=ÖZ AHMET
207,AU=ÖZCAN AHMET
208,AU=AKTAN AHMET
209,AU=ÖZER AHMET
210,AU=ÖĞRETEN AHMET
211,AU=DÜNDAR AHMET
212,AU=İŞLEYEN AHMET
213,AU=ŞAHBAZ AHMET
214,AU=ŞAHİN AHMET
215,AU=ŞAHİN AHMET
216,AU=KABLAMACI AHSEN
217,AU=KAHVECİ AJDA
218,AU=KARAKUŞ AKAN
219,AU=ALSARAN AKGÜN
220,AU=AYDOĞAN AKIN
221,AU=ATAGÜN AKIN
222,AU=PALA AKIN
223,AU=ÇELİK AKIN
224,AU=ÖNDER AKIN
225,AU=ACAY AKİF
226,AU=ARSLAN AKİF
227,AU=KARATEPE AKİF
228,AU=KOÇ AKİF
229,AU=KUTLU AKİF
230,AU=RENÇBER AKİF
231,AU=ŞİRİKÇİ AKİF
232,AU=AKTAŞ ALAATTİN
233,AU=DİKMEN ALAATTİN
234,AU=KAYA ALAATTİN
235,AU=ERTEKİN ALAATTİN
236,AU=İLGEN ALDULKADİR
237,AU=BAYRAKTAR ALEMDAR
238,AU=KOYUTÜRK ALP
239,AU=BİRDANE ALPARSLAN
240,AU=ŞAHİN ALPARSLAN
241,AU=GÖRMÜŞ ALPARSLAN
242,AU=KILIÇARSLAN ALPASLAN
243,AU=ERSÖZLÜ ALPAY
244,AU=HAKTANIR ALPAY
245,AU=NACAR ALPER
246,AU=CAN ALPER
247,AU=KARAHAN ALPER
248,AU=KETEN ALPER
249,AU=KÜÇÜKDURMAZ ALPER
250,AU=SEVİNÇ ALPER
251,AU=AKARSUBAŞI ALPER
252,AU=YAZICI ALPER
253,AU=YİĞİT ALPER
254,AU=ÇETİN ALTAN
255,AU=ACILAR ALİ
256,AU=ALKAN ALİ
257,AU=ANNAGÜR ALİ
258,AU=ARASOĞLU ALİ
259,AU=ARSLAN ALİ
260,AU=BAL ALİ
261,AU=ASLANTAŞ ALİ
262,AU=AYDIN ALİ
263,AU=YAVUZ ALİ
264,AU=AYTEKİN ALİ
265,AU=BAY ALİ
266,AU=BAYRAM ALİ
267,AU=BEKTAŞ ALİ
268,AU=KURT ALİ
269,AU=AVCI ALİ
270,AU=BORA ALİ
271,AU=BUDAK ALİ
272,AU=CAN ALİ
273,AU=CAN ALİ
274,AU=EREN ALİ
275,AU=ÇETİN ALİ
276,AU=DELİCE ALİ
277,AU=DURSUN ALİ
278,AU=DOĞAN ALİ
279,AU=MÜFTÜOĞLU ALİ
280,AU=EKİN ALİ
281,AU=ELEREN ALİ
282,AU=ERAYMAN ALİ
283,AU=ERGÜN ALİ
284,AU=ALAÇ ALİ
285,AU=ERZURUMLUOĞLU ALİ
286,AU=DOĞAN ALİ
287,AU=FİLİZ ALİ
288,AU=ÖNAL ALİ
289,AU=GÜRBÜZ ALİ
290,AU=GÜVERCİN ALİ
291,AU=KARADENİZ ALİ
292,AU=KARAKUŞ ALİ
293,AU=KARATAY ALİ
294,AU=KARAİSA ALİ
295,AU=UZUNLAR ALİ
296,AU=KESKİN ALİ
297,AU=KORKUT ALİ
298,AU=KOZAN ALİ
299,AU=KOÇYİĞİT ALİ
300,AU=KURŞUN ALİ
301,AU=AKTAN ALİ
302,AU=CEYHAN ALİ
303,AU=KALENDER ALİ
304,AU=SÜNBÜL ALİ
305,AU=TANKUT ALİ
306,AU=OKUYUCU ALİ
307,AU=SOLAK ALİ
308,AU=SOLMAZ ALİ
309,AU=ÖNCEL ALİ
310,AU=AKTAŞ ALİ
311,AU=ARSLAN ALİ
312,AU=ERDEM ALİ
313,AU=ERDEM ALİ
314,AU=SEVER ALİ
315,AU=SEYDİ ALİ
316,AU=TARAKÇILAR ALİ
317,AU=ÇOBAN ALİ
318,AU=ÖZDEMİR ALİ
319,AU=ŞEKERCİ ALİ
320,AU=SALLI ALİ
321,AU=KIVRAK ALİ
322,AU=TEKİN ALİ
323,AU=SEYYAR ALİ
324,AU=SICAK ALİ
325,AU=GÜMÜŞ ALİ
326,AU=TURKAN ALİ
327,AU=UZER ALİ
328,AU=YALÇIN ALİ
329,AU=YAVUZ ALİ
330,AU=YILDIRIM ALİ
331,AU=YILDIZ ALİ
332,AU=ÇALIŞKAN ALİ
333,AU=DENİZ ALİ
334,AU=ÇELİK ALİ
335,AU=ÇELİKSÖZ ALİ
336,AU=ÇETİNKAYA ALİ
337,AU=ÇOLAK ALİ
338,AU=ÇOŞKUN ALİ
339,AU=ÖZCAN ALİ
340,AU=ÖZEL ALİ
341,AU=YENER ALİ
342,AU=BOZKURT ALİ
343,AU=KAYTAZ ALİ
344,AU=NESLİTÜRK ALİ
345,AU=GÜL ALİ
346,AU=İSKURT ALİ
347,AU=ŞAHİN ALİ
348,AU=ŞENOL ALİ
349,AU=KAPTI ALİCAN
350,AU=AYDIN ALİHAN
351,AU=ERDEM ALİM
352,AU=GÜR ALİM
353,AU=GÜNEŞ ALİME
354,AU=KIYAK ALİYE
355,AU=ÖZENOĞLU ALİYE
356,AU=KAYACIER AMED
357,AU=ÇAMAŞ ANIL
358,AU=YÖNDEN ARZU
359,AU=YALÇIN ARZU
360,AU=AKGÜL ARİF
361,AU=DANE ARİF
362,AU=DAĞLI ARİF
363,AU=DURAN ARİF
364,AU=KARAKAŞ ARİF
365,AU=KAYA ARİF
366,AU=KEÇELİ ARİF
367,AU=AYAN ARİF
368,AU=ULU ARİF
369,AU=İPEK ARİF
370,AU=EKİNCİ ARİFE
371,AU=CENGİZ ASIM
372,AU=DANE ASIM
373,AU=BİLİCİ ASLAN
374,AU=TEKATAŞ ASLAN
375,AU=KAYA ASLI
376,AU=AVCI ASLI
377,AU=VATANSEVER ASLI
378,AU=KARTAL ASLIHAN
379,AU=BAYRAKTAR ASLIHAN
380,AU=CİNCİOĞLU ASUMAN
381,AU=ÇELİKBİLEK ASUMAN
382,AU=TIĞLI ASİYE
383,AU=ARI ATEM
384,AU=ERKAL ATİLA
385,AU=GÜNEY ATİLLA
386,AU=İLHAN ATİLLA
387,AU=İÇLİ ATİLLA
388,AU=ÖZTÜRK ATİYE
389,AU=DURMUŞOĞLU ATİYE
390,AU=TOPRAK AYBALA
391,AU=GÜR AYCAN
392,AU=TELLİOĞLU AYDA
393,AU=OKAY AYDEMİR
394,AU=BORA AYDIN
395,AU=DEMİRCAN AYDIN
396,AU=ECE AYDIN
397,AU=GÜZELOĞLU AYDIN
398,AU=KURNAZ AYDIN
399,AU=TEMİZER AYDIN
400,AU=ERTEKİN AYFER
401,AU=UDAK AYFER
402,AU=DAĞDELEN AYHAN
403,AU=GÜNEY AYHAN
404,AU=KİRAZ AYHAN
405,AU=SELÇUK AYHAN
406,AU=SÖĞÜT AYHAN
407,AU=TERGİP AYHAN
408,AU=USTA AYHAN
409,AU=YILDIRIM AYHAN
410,AU=ÇELİK AYHAN
411,AU=ÇİNİCİ AYHAN
412,AU=DEMİRKOL AYHMET
413,AU=ÇOBAN AYKUT
414,AU=OKUR AYLİN
415,AU=KIRBAŞ AYNUR
416,AU=ÖZUĞURLU AYNUR
417,AU=KADERLİ AYSEL
418,AU=KOCAEREN AYSEL
419,AU=KURT AYSEL
420,AU=TUNCA AYSEL
421,AU=KARABULUT AYSUN
422,AU=TOKER AYSUN
423,AU=ALÇELİK AYTEKİN
424,AU=DEMİRCİOĞLU AYTEKİN
425,AU=ERYILMAZ AYTEKİN
426,AU=POLAT AYTEKİN
427,AU=SIR AYTEKİN
428,AU=YEŞİLAY AYTEKİN
429,AU=ÇIKMAN AYTEKİN
430,AU=DERİNGÖZ AYŞE
431,AU=AYNALİ AYŞE
432,AU=BALKAN AYŞE
433,AU=TEKİNAY AYŞE
434,AU=BAŞTERZİ AYŞE
435,AU=ALPKAYA AYŞE
436,AU=YİLGÖR AYŞE
437,AU=HOWİSON AYŞE
438,AU=KILINÇASLAN AYŞE
439,AU=YEKSAN AYŞE
440,AU=GÜNGÖR AYŞE
441,AU=KORKMAZ AYŞE
442,AU=SAĞIROĞLU AYŞE
443,AU=SEZGİN AYŞE
444,AU=KURT AYŞE
445,AU=ULU AYŞE
446,AU=YİĞİT AYŞE
447,AU=KIZILKAN AYŞE
448,AU=SARAÇ AYŞEGÜL
449,AU=KALKAN AYŞEGÜL
450,AU=TÜRKYILMAZ AYŞEGÜL
451,AU=KURNAZ AYŞEGÜL
452,AU=AYŞEUMUL AYŞEUMUL
453,AU=ULUDAĞ AYŞEÜL
454,AU=İLBAY AZMİ
455,AU=İLHAN AZİME
456,AU=AŞAN AZİZ
457,AU=GÜMÜŞ AZİZ
458,AU=HARMAN AZİZ
459,AU=KILINÇ AZİZ
460,AU=MERHAN AZİZ
461,AU=POLAT AZİZ
462,AU=TUNÇ AZİZ
463,AU=TÜRKOĞLU AZİZ
464,AU=ARTIŞ AİŞE
465,AU=GENÇ AŞIR
466,AU=ÖRENÇ AŞIR
467,AU=YILDIRIM AŞKIN
468,AU=ŞEKER AŞKIN
469,AU=ÖZDEMİR AŞUR
470,AU=GÜNEY BAHA
471,AU=BOZOĞLAN BAHADIR
472,AU=KUMRAL BAHADIR
473,AU=TANTAY BAHADIR
474,AU=ERDİNÇ BAHATTİN
475,AU=TUNÇ BAHATTİN
476,AU=ERMİŞ BAHRİ
477,AU=ARSLAN BAHRİYE
478,AU=DURSUN BAHTİYAR
479,AU=SARIBOĞA BAHTİYAR
480,AU=SARITAŞ BAKİ
481,AU=TÜRKKAN BAKİ
482,AU=ALTAN BANU
483,AU=KALE BANU
484,AU=UYSAL BANU
485,AU=İZGİ BANU
486,AU=GÜNAY BANİHAN
487,AU=ÇÖREKÇİ BARAM
488,AU=GENCER BARAN
489,AU=AŞÇI BARIŞ
490,AU=ERÇAL BARIŞ
491,AU=GÜLHAN BARIŞ
492,AU=KİREMİTÇİ BARIŞ
493,AU=YALINKILIÇ BARIŞ
494,AU=ALKAWASMEI BASSAM
495,AU=DİKMEN BAYAZİT
496,AU=AKARSU BAYRAM
497,AU=ALTUNTAŞ BAYRAM
498,AU=ABALI BAYRAM
499,AU=CETİŞLİ BAYRAM
500,AU=ERZURUMLUOĞLU BAYRAM
501,AU=KAHRAMAN BAYRAM
502,AU=KÖKSAL BAYRAM
503,AU=ÇIRAK BAYRAM
504,AU=İNCE BAYRAM
505,AU=BAYRAKTAR BEDİZ
506,AU=AKTAŞ BEKİR
507,AU=ATİK BEKİR
508,AU=DOĞAN BEKİR
509,AU=GÜNAY BEKİR
510,AU=KARAARSLAN BEKİR
511,AU=KÖLE BEKİR
512,AU=MUMYAKMAZ BEKİR
513,AU=ÜNLÜ BEKİR
514,AU=KARATAŞ BEKİR
515,AU=YILDIZ BEKİR
516,AU=ÇAKILDERE BEKİR
517,AU=ÇAĞLI BEKİR
518,AU=ÇENGELCİ BEKİR
519,AU=ŞANAL BEKİR
520,AU=ERES BENAN
521,AU=KILBAŞ BENAN
522,AU=KADERLİ BERKANT
523,AU=ÖZDEMİR BESİME
524,AU=ŞEKER BETÜL
525,AU=ESER BETÜL
526,AU=CEYHAN BETÜL
527,AU=OKUTAN BETÜL
528,AU=YARAR BETÜL
529,AU=İSKENDER BETÜL
530,AU=SEYHAN BEYAZIT
531,AU=CENGİZ BEYHAN
532,AU=KURT BEYZA
533,AU=ERDOĞMUŞ BEŞİR
534,AU=GÖZÜBENLİ BEŞİR
535,AU=ALTUNTOP BEŞİR
536,AU=ÖZTÜRK BORA
537,AU=TANYERİ BUKET
538,AU=ÇİTİL BURAK
539,AU=SUVAK BURAK
540,AU=UZ BURAK
541,AU=ÜLMAN BURAK
542,AU=GÜNAY BURCU
543,AU=OĞUZTÜRK BURCU
544,AU=KOCA BURCU
545,AU=ÇAKAR BURCU
546,AU=KABADAYI BURHAN
547,AU=YAZICI BURHAN
548,AU=ÜNAL BURHAN
549,AU=AKYÜZ BÜLENT
550,AU=ASLAN BÜLENT
551,AU=TELEF BÜLENT
552,AU=BAŞARAN BÜLENT
553,AU=DOĞRU BÜLENT
554,AU=DURU BÜLENT
555,AU=GÖGEBAKAN BÜLENT
556,AU=KILIÇ BÜLENT
557,AU=İÇTEN BÜLENT
558,AU=MİRAN BÜLENT
559,AU=KILAVUZ BÜLENT
560,AU=ORAN BÜLENT
561,AU=PETİK BÜLENT
562,AU=TARMAN BÜLENT
563,AU=VURAL BÜLENT
564,AU=YAVUZ BÜLENT
565,AU=YILDIRIM BÜLENT
566,AU=ÇATALBAŞ BÜLENT
567,AU=ÇOBANOĞLU BÜLENT
568,AU=ÖZ BÜLENT
569,AU=ÖZBAY BÜLENT
570,AU=ÖZDEMİR BÜLENT
571,AU=ŞIK BÜLENT
572,AU=ALTINOLUK BÜLNET
573,AU=ÖZOĞUL BÜNYAMİ
574,AU=ÜNAL BÜNYAMİ
575,AU=TURAN BÜNYAMİN
576,AU=DİKİCİ BÜNYAMİN
577,AU=IŞIK BÜNYAMİN
578,AU=KARABULUT BÜNYAMİN
579,AU=KISACIK BÜNYAMİN
580,AU=KOÇ BÜNYAMİN
581,AU=SÖZÜTOK BÜNYAMİN
582,AU=GÜL BİLAL
583,AU=GÜRBÜZ BİLAL
584,AU=SAVAŞ BİLAL
585,AU=TEMİZ BİLAL
586,AU=YILDIZ BİLAL
587,AU=YILDIZ BİLAL
588,AU=YORULMAZ BİLAL
589,AU=ŞEKER BİLAL
590,AU=ŞİNİK BİLAL
591,AU=ANNAGÜR BİLGE
592,AU=ŞEN BİLGE
593,AU=KARA BİLGE
594,AU=PAMUK BİLGEHAN
595,AU=YILMAZ BİNNAZ
596,AU=AŞIK BİRAY
597,AU=ALAN BİRCAN
598,AU=SAVRAN BİRCAN
599,AU=IŞIK BİRHAN
600,AU=TOPÇU BİRKAN
601,AU=ÜNAL BİRSEN
602,AU=DOĞAN CABİR
603,AU=EROĞLU CAFER
604,AU=ULU CAFER
605,AU=ŞAHBAZ CAFER
606,AU=YILMAZ CAHİDE
607,AU=BAĞCI CAHİT
608,AU=KURBANOĞLU CAHİT
609,AU=BENLİOĞLU CAN
610,AU=ÖZBAY CAN
611,AU=KAYGUSUZ CANANİ
612,AU=ŞAHİN CANAY
613,AU=BADEM CANDAN
614,AU=ARSLAN CANER
615,AU=DİNÇER CANER
616,AU=TOKUÇ CANER
617,AU=GÜNER CANSEVER
618,AU=AKDENİZ CELAL
619,AU=IRGIN CELAL
620,AU=KOCATEPE CELAL
621,AU=KİLİT CELAL
622,AU=ÇAYIR CELAL
623,AU=ÖZPINAR CELAL
624,AU=CAMCI CELALETDİN
625,AU=BAYKARA CELALETTİN
626,AU=KARADAŞ CELALETTİN
627,AU=AYHAN CEM
628,AU=GÜREL CEM
629,AU=KAPTANOĞLU CEM
630,AU=ORUÇ CEM
631,AU=SARAÇ CEM
632,AU=ZEREN CEM
633,AU=BALTACI CEMAL
634,AU=ELİTAŞ CEMAL
635,AU=GÜNDOĞDU CEMAL
636,AU=IŞIK CEMAL
637,AU=SANDALLI CEMAL
638,AU=SARAÇ CEMAL
639,AU=TUNCER CEMAL
640,AU=YEŞİLYURT CEMAL
641,AU=AYAS CEMALETTİN
642,AU=DEMİRELİ CEMALETTİN
643,AU=BÜLBÜL CEMİL
644,AU=KARA CEMİL
645,AU=ÇELİK CEMİL
646,AU=ŞAHİN CEMİL
647,AU=ÇAKMAK CENAP
648,AU=ATAŞOĞLU CENGİZ
649,AU=BAŞAK CENGİZ
650,AU=DEMİREL CENGİZ
651,AU=DEMİR CENGİZ
652,AU=DURUCU CENGİZ
653,AU=ERDİK CENGİZ
654,AU=İNCE CENGİZ
655,AU=KOÇAK CENGİZ
656,AU=ORMAN CENGİZ
657,AU=SARIKÜRKCÜ CENGİZ
658,AU=TORAMAN CENGİZ
659,AU=YALÇIN CENGİZ
660,AU=ÇEVİK CENGİZ
661,AU=AKBIYIK CENK
662,AU=EKEN CENKER
663,AU=ATAŞ CESİM
664,AU=AKTAŞ CEVAT
665,AU=TOSUN CEVAT
666,AU=DEMİR CEVDET
667,AU=GÖLOĞLU CEVDET
668,AU=JR CLYDE
669,AU=CHIFANE CRİSTİNA
670,AU=ÇİÇEK CUMA
671,AU=GÖKÇE CUMALİ
672,AU=AKINLAR CÜNEYT
673,AU=BERKDEMİR CÜNEYT
674,AU=DEMİR CÜNEYT
675,AU=KAHRAMAN CÜNEYT
676,AU=HAMİDİ CİHAD
677,AU=TOKTAŞ CİHAN
678,AU=TÜRK CİHAN
679,AU=YILDIRIM CİHAN
680,AU=ALİAĞAOĞLU CİHANGİR
681,AU=EREM CİHANGİR
682,AU=GÜRKAN CİHAT
683,AU=POLAT CİHAT
684,AU=AKTAŞ DAVUT
685,AU=AYDÜZ DAVUT
686,AU=BALTACI DAVUT
687,AU=DAMA DAVUT
688,AU=DEMİRKIRAN DAVUT
689,AU=ÖZDEMİR DAVUT
690,AU=İNCEBACAK DAVUT
691,AU=IŞIK DAĞHAN
692,AU=ARSLAN DEMET
693,AU=KORUCU DEMET
694,AU=SEBAN DEMET
695,AU=EKİNCİ DENİZ
696,AU=GÜNEY DENİZ
697,AU=TOKAT DENİZ
698,AU=ÜNAL DENİZ
699,AU=DÜNDAR DERYA
700,AU=DEMİRER DERYA
701,AU=SAĞLAM DERYA
702,AU=YILDIZ DERYA
703,AU=TARHAN DEVRİM
704,AU=ERDOĞAN DOĞAN
705,AU=KILKIŞ DOĞAN
706,AU=KURT DOĞAN
707,AU=ÇETİN DOĞAN
708,AU=KARATAŞ DURA
709,AU=ARSLAN DURAN
710,AU=YAVŞAN DURDU
711,AU=ÖZCAN DURDU
712,AU=BAL DURMUŞ
713,AU=BOZKURT DURMUŞ
714,AU=BUNARCIOĞLU DURMUŞ
715,AU=TATLIOĞLU DURMUŞ
716,AU=TÜRKMEN DURMUŞ
717,AU=ŞAHİN DURSUN
718,AU=YAĞIZ DURSUN
719,AU=AKKOYUN DURSUN
720,AU=GÜÇLÜ DÜNYAMİN
721,AU=ÇAKIRCA DÜZGÜN
722,AU=DOĞAN DİDEM
723,AU=GÜRSES DİDEM
724,AU=ER DİLEK
725,AU=KUTANİS DİLEK
726,AU=SELEK DİLEK
727,AU=KOÇAK DİLEK
728,AU=EŞSİZ DİNÇ
729,AU=TEKBAŞ EBRU
730,AU=UZ EBRU
731,AU=TOY EBUBEKİR
732,AU=ÇAKMAK EBUBEKİR
733,AU=KALENDER EBUZER
734,AU=ÇAKMAK ECİR
735,AU=ERDENER EDA
736,AU=LLUKACAJ EDONA
737,AU=MİNARECİ EDİBE
738,AU=POLAT EDİZ
739,AU=TUTAR EDİZ
740,AU=POLAT EFDAL
741,AU=UZ EFKAN
742,AU=IRKIÇATAL EFTAL
743,AU=AKÇİÇEK EKREM
744,AU=AYDIN EKREM
745,AU=DEMİR EKREM
746,AU=DÜNDAR EKREM
747,AU=GÜLER EKREM
748,AU=KARA EKREM
749,AU=MUŞ EKREM
750,AU=YETER EKREM
751,AU=UZGEL ELÇİN
752,AU=TERZİ ELÇİN
753,AU=UYSAL ELİF
754,AU=ERDOĞAN ELİF
755,AU=FIRAT ELİF
756,AU=TAŞ ELİF
757,AU=GÖZEMİR ELİF
758,AU=GÜLTÜRK ELİF
759,AU=ERTAŞ ELİF
760,AU=BEIGMOHAMMADI ELİF
761,AU=BERK ELİFE
762,AU=KILIÇBEYLİ ELİFE
763,AU=BOZKURT ELİFE
764,AU=ASLAN EMEL
765,AU=BULCUN EMEL
766,AU=ÇAĞLAYAN EMEL
767,AU=ERGİN EMEL
768,AU=KARAKAŞ EMEL
769,AU=AKÇAY EMRAH
770,AU=BULUT EMRAH
771,AU=GÜNOK EMRAH
772,AU=GİZİROĞLU EMRAH
773,AU=UYANIK EMRAH
774,AU=ÖZBUĞUTU EMRAH
775,AU=ÜNAL EMRAH
776,AU=BENDEŞ EMRE
777,AU=CAN EMRE
778,AU=EROĞLU EMRE
779,AU=GÜNBEY EMRE
780,AU=HOCAOĞLU EMRE
781,AU=KARAKUŞ EMRE
782,AU=SANCAK EMRE
783,AU=SEVİNDİK EMRE
784,AU=ÇAVDAR EMRE
785,AU=ÇOMAK EMRE
786,AU=AYDIN EMSAL
787,AU=ERGUN EMİN
788,AU=KARA EMİN
789,AU=KILINÇ EMİN
790,AU=MADEN EMİN
791,AU=METE EMİN
792,AU=BAŞKENT EMİN
793,AU=ÖZDEMİR EMİN
794,AU=ÖZYILMAZ EMİN
795,AU=ŞAVİK EMİN
796,AU=TAVİL EMİNE
797,AU=BİNNETOĞLU EMİNE
798,AU=MALKOÇ EMİNE
799,AU=MESTAN EMİNE
800,AU=MEŞE EMİNE
801,AU=HERKEN EMİNE
802,AU=RİFAİOĞLU EMİNE
803,AU=PANCAR EMİNE
804,AU=KOÇ EMİNE
805,AU=KOÇ EMİNE
806,AU=KARAKOÇ EMİNE
807,AU=ÇOŞAR EMİNE
808,AU=ÖZEL EMİNE
809,AU=TAN ENES
810,AU=YILMAZ ENES
811,AU=DOĞAN ENFEL
812,AU=AKAR ENGİN
813,AU=AKMAN ENGİN
814,AU=BAŞARAN ENGİN
815,AU=DELİCE ENGİN
816,AU=SELÇUK ENGİN
817,AU=YAZICI ENGİN
818,AU=ERDEM ENGİN
819,AU=ŞENGÜL ENGİN
820,AU=YEKELER ENSAR
821,AU=SANCAKDAR ENVER
822,AU=ALBAYRAK ENVER
823,AU=TATAR ENVER
824,AU=USLU ENVER
825,AU=TOPÇU ERAL
826,AU=EKİCİ ERAN
827,AU=AKBAY ERCAN
828,AU=ARI ERCAN
829,AU=BALCIOĞLU ERCAN
830,AU=BALDEMİR ERCAN
831,AU=GENÇER ERCAN
832,AU=MADENCİ ERCAN
833,AU=PİLİÇER ERCAN
834,AU=SÜNGER ERCAN
835,AU=SİVASLI ERCAN
836,AU=UÇGUN ERCAN
837,AU=AKSAKAL ERCÜMENT
838,AU=TEZCAN ERCÜMENT
839,AU=ABDULHAKİMOĞULLARI ERDAL
840,AU=ARAS ERDAL
841,AU=BAYIR ERDAL
842,AU=BULĞAN ERDAL
843,AU=BİBER ERDAL
844,AU=CANIYILMAZ ERDAL
845,AU=DEMİR ERDAL
846,AU=DİKMEN ERDAL
847,AU=ELKOCA ERDAL
848,AU=EREN ERDAL
849,AU=GİŞİ ERDAL
850,AU=KARA ERDAL
851,AU=KAÇAN ERDAL
852,AU=PEKER ERDAL
853,AU=TATAR ERDAL
854,AU=YAYLAK ERDAL
855,AU=ÖZCAN ERDAL
856,AU=ÖZSUNAR ERDAL
857,AU=AYYILDIZ ERDEM
858,AU=GÜVEN ERDEM
859,AU=SÜRÜCÜ ERDEM
860,AU=YÜKSEL ERDEM
861,AU=ÖZCAN ERDEM
862,AU=SAĞLAM ERDL
863,AU=ARI ERDOĞAN
864,AU=BOZ ERDOĞAN
865,AU=GÜLTEKİN ERDOĞAN
866,AU=HALAT ERDOĞAN
867,AU=KILIÇASLAN ERDOĞAN
868,AU=KOCAMAZ ERDOĞAN
869,AU=ÖZBAY ERDOĞAN
870,AU=ÖZEL ERDOĞAN
871,AU=ÖZKAYA ERDOĞAN
872,AU=ŞENTÜRK ERDOĞAN
873,AU=AKYILDIRIM ERDİNÇ
874,AU=AKSU EREN
875,AU=YILDIRIM EREN
876,AU=GONCA ERGÜN
877,AU=GÜNTEKİN ERGÜN
878,AU=KARAVELİOĞLU ERGÜN
879,AU=NART ERGÜN
880,AU=YAŞAR ERGÜN
881,AU=ŞAKALAR ERGÜN
882,AU=BİNGÖLBALİ ERHAN
883,AU=DELEN ERHAN
884,AU=GENÇ ERHAN
885,AU=GÜNEYİSİ ERHAN
886,AU=KELEŞOĞLU ERHAN
887,AU=METİN ERHAN
888,AU=SARI ERHAN
889,AU=TAHAN ERHAN
890,AU=VAROĞLU ERHAN
891,AU=ÖZCAN ERHAN
892,AU=ÜNLÜ ERHAN
893,AU=KÖMÜRCÜ ERKAM
894,AU=CÜRE ERKAN
895,AU=EFE ERKAN
896,AU=GÖÇEN ERKAN
897,AU=KAVAS ERKAN
898,AU=KAÇAN ERKAN
899,AU=KURT ERKAN
900,AU=SÖĞÜT ERKAN
901,AU=YAMAN ERKAN
902,AU=YULA ERKAN
903,AU=ÇALIŞKAN ERKAN
904,AU=ŞİMŞEK ERKAN
905,AU=BAĞCIOĞLU ERMAN
906,AU=GENÇ ERNUR
907,AU=ALBAYRAK EROL
908,AU=ERÇAĞ EROL
909,AU=GÜNDÜZ EROL
910,AU=TOKŞEN EROL
911,AU=ÇELİK EROL
912,AU=ÇOŞKUN EROL
913,AU=ÖNEN EROL
914,AU=ÇİÇEK ERSAN
915,AU=DAĞ ERSEL
916,AU=OBUZ ERSEL
917,AU=ERKAN ERSİN
918,AU=FADILLIOĞLU ERSİN
919,AU=KARAPAZARLIOĞLU ERSİN
920,AU=TERES ERSİN
921,AU=ERDEN ERSİN
922,AU=BEŞE ERTAN
923,AU=DURMUŞOĞLU ERTAN
924,AU=ERSOY ERTAN
925,AU=YANIK ERTAN
926,AU=ÖZTÜRK ERTAN
927,AU=ACARTÜRK ERTUĞRUL
928,AU=ERCAN ERTUĞRUL
929,AU=KARĞI ERTUĞRUL
930,AU=MAVİLİ ERTUĞRUL
931,AU=UZUN ERTUĞRUL
932,AU=BOZKURT ESAT
933,AU=ÇETİN ESAT
934,AU=SAVAŞ ESEN
935,AU=BAKIR ESENGÜL
936,AU=KARAKAŞ ESER
937,AU=BOZKURT ESHABİL
938,AU=AKCAN ESMA
939,AU=KAYA ESMA
940,AU=UĞURLU ESMA
941,AU=UŞAK ESMA
942,AU=YILDIZ ESMA
943,AU=AKBALIK ESRA
944,AU=TUZCU ESRA
945,AU=ÖZTÜRK ESRA
946,AU=İNAL ESRA
947,AU=KIZILCI ESRA
948,AU=ÇOLAK ESRA
949,AU=ÖZDEMİR ESİN
950,AU=KARAKAYA ETEM
951,AU=KÖKLÜKAYA ETEM
952,AU=SOYUÇOK ETEM
953,AU=YEŞİLYURT ETEM
954,AU=ÖZDEMİR EVREN
955,AU=ERBİLGİN EVRİM
956,AU=KILIÇ EYLEM
957,AU=ŞAHİN EYLEM
958,AU=ÇIĞ EYLEM
959,AU=ÇOŞKUN EYYUP
960,AU=AYYILDIZ EYÜP
961,AU=BÜYÜKKAYA EYÜP
962,AU=KOÇ EYÜP
963,AU=YURT EYÜP
964,AU=ZENGİN EYÜP
965,AU=ÇETİN EYÜP
966,AU=CEVHER EZGİ
967,AU=ARSLAN FAHRETTİN
968,AU=TALAY FAHRETTİN
969,AU=GÜNEŞ FAHRİ
970,AU=BEŞİR FAHRİ
971,AU=TERCAN FAHRİ
972,AU=ÖZ FAHRİ
973,AU=BAŞÇİFTÇİ FARUK
974,AU=BAĞIRCI FARUK
975,AU=DEMİR FARUK
976,AU=GEYİK FARUK
977,AU=TUNÇER FARUK
978,AU=YILMAZ FARUK
979,AU=YILMAZ FARUK
980,AU=ÇAVDAR FARUK
981,AU=ÖZ FARUK
982,AU=ÖZTÜRK FARUK
983,AU=UÇAR FARUK
984,AU=BOYACI FATIMA
985,AU=BAYRAKTAR FATMA
986,AU=BOZKURT FATMA
987,AU=CEBE FATMA
988,AU=DEMİREL FATMA
989,AU=KILIÇER FATMA
990,AU=ERDEM FATMA
991,AU=GÜNDOĞDU FATMA
992,AU=NİYAZİOĞLU FATMA
993,AU=TÜRKMENOĞLU FATMA
994,AU=TURALIOĞLU FATMA
995,AU=FİDAN FATMA
996,AU=AKÇAY FATİH
997,AU=ALTUNKAŞ FATİH
998,AU=ANDIRAN FATİH
999,AU=AY FATİH
1000,AU=AYDOĞAN FATİH
1001,AU=BAYANSAL FATİH
1002,AU=BAYRAM FATİH
1003,AU=BOLAT FATİH
1004,AU=CAN FATİH
1005,AU=DEMİRCİ FATİH
1006,AU=DEMİRCİOĞLU FATİH
1007,AU=EKİCİ FATİH
1008,AU=ERBAY FATİH
1009,AU=ERMİŞ FATİH
1010,AU=FIRINCI FATİH
1011,AU=GÜRSUL FATİH
1012,AU=HATTATOĞLU FATİH
1013,AU=KANTARCI FATİH
1014,AU=KARAKAŞ FATİH
1015,AU=KARAOSMANOĞLU FATİH
1016,AU=KAYA FATİH
1017,AU=KAYHAN FATİH
1018,AU=KIRAÇ FATİH
1019,AU=KOÇ FATİH
1020,AU=KOÇTÜRK FATİH
1021,AU=KURNAZ FATİH
1022,AU=BİNNETOĞLU FATİH
1023,AU=ADIBELLİ FATİH
1024,AU=TÜRKCÜ FATİH
1025,AU=TÜRKER FATİH
1026,AU=MUTLU FATİH
1027,AU=DURAN FATİH
1028,AU=SEFİL FATİH
1029,AU=SİVRİKAYA FATİH
1030,AU=TEMİZTÜRK FATİH
1031,AU=TUFAN FATİH
1032,AU=YAR FATİH
1033,AU=YAĞMUR FATİH
1034,AU=YILDIRIM FATİH
1035,AU=YILDIZ FATİH
1036,AU=YÜKSEL FATİH
1037,AU=ÇELEBİOĞLU FATİH
1038,AU=ÇELENK FATİH
1039,AU=ÇELİK FATİH
1040,AU=ÇELİK FATİH
1041,AU=ÇERMİK FATİH
1042,AU=ÇOŞKUN FATİH
1043,AU=ÇÖMEZ FATİH
1044,AU=ÖZAN FATİH
1045,AU=ÖZBAY FATİH
1046,AU=ÖZTÜRK FATİH
1047,AU=ÖÇAL FATİH
1048,AU=ÖĞRETMEN FATİH
1049,AU=İLKAYA FATİH
1050,AU=İMAT FATİH
1051,AU=ŞAHPAZ FATİH
1052,AU=ŞENOL FAZIL
1053,AU=ÖMÜR FAİK
1054,AU=AKIN FEHMİ
1055,AU=AKÇABAY FEHMİYE
1056,AU=ARMUTCU FERAH
1057,AU=YAMAN FERDA
1058,AU=BÜLBÜL FERDİ
1059,AU=GÖKSEL FERDİ
1060,AU=KARABUĞA FERHAN
1061,AU=YAMAN FERHAN
1062,AU=ASLAN FERHAT
1063,AU=ÖZGEN FERHAT
1064,AU=BOZKUŞ FERHAT
1065,AU=BÜLBÜL FERHAT
1066,AU=CELEP FERHAT
1067,AU=DİKBIYIK FERHAT
1068,AU=ENSAR FERHAT
1069,AU=GÖKMEN FERHAT
1070,AU=TAŞKIN FERHAT
1071,AU=ÖZMAN FERHAT
1072,AU=TANIK FERİDE
1073,AU=BÜLBÜL FERİDUN
1074,AU=FIÇICI FERİT
1075,AU=SÖNMEZ FERİT
1076,AU=KARABİBER FETHULLAH
1077,AU=KENAR FETHULLAH
1078,AU=TÜLÜBAŞ FETİ
1079,AU=SARITAŞ FEVZİ
1080,AU=YILDIZ FEYYAZ
1081,AU=ÖNDER FEYYAZ
1082,AU=EKŞİ FEYZETTİN
1083,AU=UYGUR FIRAT
1084,AU=MENGELOĞLU FIRAT
1085,AU=ÇELİK FIRAT
1086,AU=AHMETOĞLU FUAT
1087,AU=BOYACIOĞLU FUAT
1088,AU=KARAKAYA FUAT
1089,AU=LEBE FUAT
1090,AU=ÖZDİNÇ FUAT
1091,AU=ATACAN FULYA
1092,AU=KENTLİ FULYA
1093,AU=DOĞRUEL FULYA
1094,AU=ÇATIR FULYA
1095,AU=ÖZDEMİR FUNDA
1096,AU=BİRDAL FURKAN
1097,AU=DİNÇER FURKAN
1098,AU=AYDOĞAN FÜSUN
1099,AU=ŞAHİN FİGEN
1100,AU=KOÇYİĞİT FİGEN
1101,AU=SELİMOĞLU FİGEN
1102,AU=TAŞER FİGEN
1103,AU=ELMA FİKRET
1104,AU=KOCABAŞ FİKRET
1105,AU=KUYUCU FİKRET
1106,AU=MAZİ FİKRET
1107,AU=UYAR FİKRET
1108,AU=DEMİR FİKRİ
1109,AU=ÇEVİK FİLİZ
1110,AU=ÖZDEMİR FİLİZ
1111,AU=ÖZDEMİROĞLU FİLİZ
1112,AU=ÖZKAN FİLİZ
1113,AU=İYİDİL FİLİZ
1114,AU=ÇETİN FİRDEVS
1115,AU=SÖNMEZGÖZ FİTNET
1116,AU=OTURANÇ GALİP
1117,AU=ÇAĞ GALİP
1118,AU=YÜCEL GERÇEK
1119,AU=ÖZKUK GÖKAN
1120,AU=ALPAK GÖKAY
1121,AU=ERBAĞ GÖKHAN
1122,AU=KARS GÖKHAN
1123,AU=KUTLAR GÖKHAN
1124,AU=SERİN GÖKHAN
1125,AU=DEMİR GÖKHAN
1126,AU=ÖZDAMAR GÖKHAN
1127,AU=BİLGİLİ GÖKMEN
1128,AU=AKPINAR GÖKSAN
1129,AU=ERDEN GÖNÜL
1130,AU=SARI GÖZDE
1131,AU=DEMİR GÖZDE
1132,AU=ŞEN GÜL
1133,AU=PINAR GÜL
1134,AU=ÖZPINAR GÜL
1135,AU=BULUT GÜLAY
1136,AU=YÜCEKAYA GÜLAY
1137,AU=ÖZKEÇECİ GÜLAY
1138,AU=ÇILGI GÜLBANU
1139,AU=SARICI GÜLBEN
1140,AU=ÖZATAĞAN GÜLDEM
1141,AU=AKIN GÜLDEN
1142,AU=KÖKEN GÜLEN
1143,AU=KAMAK GÜLEN
1144,AU=KOCA GÜLER
1145,AU=TOK GÜLER
1146,AU=YAVUZ GÜLER
1147,AU=GÜLER GÜLNUR
1148,AU=ÖZGÜNER GÜLNUR
1149,AU=DOĞAN GÜLNİHAL
1150,AU=ADAKLI GÜLSEREN
1151,AU=PAMUK GÜLSÜM
1152,AU=İNCE GÜLSÜM
1153,AU=ÖZYALVAÇLI GÜLZADE
1154,AU=DOĞANLI GÜLÜMSER
1155,AU=AŞIK GÜLŞAH
1156,AU=KAYIKCI GÜLŞEN
1157,AU=KURŞUN GÜNAL
1158,AU=AŞAN GÜNEŞ
1159,AU=TURGUT GÜNFER
1160,AU=AY GÜNGÖR
1161,AU=SOBACI GÜNGÖR
1162,AU=BAHADIR GÜRHAN
1163,AU=GÜNDÜZ GÜRHAN
1164,AU=ACAR GÜRKAN
1165,AU=ALTAN GÜRKAN
1166,AU=GAZİOĞLU GÜRKAN
1167,AU=ŞAKAR GÜRKAN
1168,AU=ACARTÜRK GÜRSEL
1169,AU=DÜZENLİ GÜRSEL
1170,AU=MERİÇ GÜRSOY
1171,AU=BAKIREZER GÜVEN
1172,AU=TEKBAŞ GÜVEN
1173,AU=ŞEKER GÜVEN
1174,AU=AYNALİ GİRAY
1175,AU=EMRE HABİB
1176,AU=ÖZDEMİR HABİB
1177,AU=KALKAN HABİL
1178,AU=EROĞLU HABİP
1179,AU=AYDOĞMUŞ HACER
1180,AU=ŞEN HACER
1181,AU=TAŞPINAR HACI
1182,AU=AKTAŞ HACI
1183,AU=ATA HACI
1184,AU=ÇETİNKARA HACI
1185,AU=BAYKARA HACI
1186,AU=SOY HACI
1187,AU=TOSUN HACI
1188,AU=YILMAZ HACI
1189,AU=KAYMAZ HACI
1190,AU=TAŞÇI HACI
1191,AU=ŞAHİN HACI
1192,AU=EMÜL HACI
1193,AU=SAĞDIK HACI
1194,AU=ÇAKMAK HACI
1195,AU=DEMİR HACI
1196,AU=TÜRKMEN HAFİZE
1197,AU=AKIN HAKAN
1198,AU=AKÇAY HAKAN
1199,AU=ALTINTAŞ HAKAN
1200,AU=ALTUN HAKAN
1201,AU=AYDOĞAN HAKAN
1202,AU=BAKAN HAKAN
1203,AU=BAYIR HAKAN
1204,AU=BAŞARAN HAKAN
1205,AU=BOLAT HAKAN
1206,AU=BOYACI HAKAN
1207,AU=BÜYÜKHATİPOĞLU HAKAN
1208,AU=BÜYÜKOĞLAN HAKAN
1209,AU=DEMİRBOĞA HAKAN
1210,AU=DEMİRTAŞ HAKAN
1211,AU=DEĞİRMENCİ HAKAN
1212,AU=DOĞAN HAKAN
1213,AU=GENÇHELLAÇ HAKAN
1214,AU=HEKİM HAKAN
1215,AU=KAPTAN HAKAN
1216,AU=AKMAZ HAKAN
1217,AU=MERTCAN HAKAN
1218,AU=OFLAZ HAKAN
1219,AU=SARMAN HAKAN
1220,AU=SEVİNDİK HAKAN
1221,AU=SÖYÜT HAKAN
1222,AU=TANRIVERDİ HAKAN
1223,AU=TURAN HAKAN
1224,AU=ULUCAN HAKAN
1225,AU=UZUN HAKAN
1226,AU=YAMAN HAKAN
1227,AU=YAMAN HAKAN
1228,AU=ÇALIŞ HAKAN
1229,AU=ÇATLIOĞLU HAKAN
1230,AU=ÇETİN HAKAN
1231,AU=ÇETİNEL HAKAN
1232,AU=ÖZHAN HAKAN
1233,AU=ÖZKÖKELİ HAKAN
1234,AU=SARI HAKAN
1235,AU=ŞAHİN HAKAN
1236,AU=ŞANDIR HAKAN
1237,AU=FINDIK HAKKI
1238,AU=GÖKBEL HAKKI
1239,AU=SARNEL HALDUN
1240,AU=BORAZAN HALE
1241,AU=SAVAŞ HALUK
1242,AU=CEYLAN HALUK
1243,AU=SÖYLEMEZ HALÜK
1244,AU=PEKTEZEL HALİD
1245,AU=AKMAN HALİL
1246,AU=AYKUL HALİL
1247,AU=BEYDİLLİ HALİL
1248,AU=BİLECEN HALİL
1249,AU=KUNT HALİL
1250,AU=ÖZLER HALİL
1251,AU=ŞEN HALİL
1252,AU=TOSUN HALİL
1253,AU=UÇAL HALİL
1254,AU=YILDIRIM HALİL
1255,AU=ÇALIŞKAN HALİL
1256,AU=ÇETİN HALİL
1257,AU=ÖZGÜNER HALİL
1258,AU=BAHAR HALİL
1259,AU=DEMİRCİ HALİL
1260,AU=ESKİKURT HALİL
1261,AU=HALİLOĞLU HALİL
1262,AU=KILINÇ HALİL
1263,AU=OKUTAN HALİL
1264,AU=TANÇ HALİL
1265,AU=ÖNDER HALİL
1266,AU=ÜNAL HALİL
1267,AU=İNAN HALİL
1268,AU=ŞAHAN HALİL
1269,AU=ŞAHMAN HALİL
1270,AU=ŞİMŞEK HALİL
1271,AU=AKBULUT HALİM
1272,AU=KORUCU HALİM
1273,AU=NALIN HALİME
1274,AU=BORAN HALİS
1275,AU=CANATAN HALİT
1276,AU=KARACA HALİT
1277,AU=ZENGİN HALİT
1278,AU=ÇİÇEK HALİT
1279,AU=AKÇAKOCA HAMDİ
1280,AU=AYDIN HAMDİ
1281,AU=KAMÇI HAMDİ
1282,AU=SÖZEN HAMDİ
1283,AU=TUTKUN HAMDİ
1284,AU=TOSUN HAMZA
1285,AU=ÜZÜM HAMZA
1286,AU=ACEMOĞLU HAMİT
1287,AU=MERMERKAYA HAMİT
1288,AU=OKUR HAMİT
1289,AU=PALABIYIK HAMİT
1290,AU=ÜNAL HAMİYET
1291,AU=ÇİPİL HANDAN
1292,AU=ÜSTÜNDAĞ HANDAN
1293,AU=GÜRSES HANDE
1294,AU=TOPAL HANİFE
1295,AU=BİNİCİ HANİFİ
1296,AU=KURT HANİFİ
1297,AU=SARAÇ HANİFİ
1298,AU=ANAY HARUN
1299,AU=AYDOĞAN HARUN
1300,AU=BAYRAKDAR HARUN
1301,AU=EVRENGÜL HARUN
1302,AU=KAYA HARUN
1303,AU=KÜÇÜK HARUN
1304,AU=YAZAR HARUN
1305,AU=TOY HARUN
1306,AU=YENİÇERİ HARUN
1307,AU=YILDIZ HARUN
1308,AU=YILMAZ HARUN
1309,AU=YÜKSEL HARUN
1310,AU=ÇIRALIK HARUN
1311,AU=ÇOBAN HARUN
1312,AU=ŞİMŞEK HARUN
1313,AU=DELİGÖZ HASALETTİN
1314,AU=ABDİOĞLU HASAN
1315,AU=ACAR HASAN
1316,AU=AKÇA HASAN
1317,AU=ALLİ HASAN
1318,AU=YÜKSEKKAYA HASAN
1319,AU=ATİK HASAN
1320,AU=AYDIN HASAN
1321,AU=BABACAN HASAN
1322,AU=BAL HASAN
1323,AU=ERTAŞ HASAN
1324,AU=ULUSOY HASAN
1325,AU=BAYRAKTAR HASAN
1326,AU=BOZKURT HASAN
1327,AU=BÜKER HASAN
1328,AU=BÜYÜKASLAN HASAN
1329,AU=BİLİNÇ HASAN
1330,AU=EKER HASAN
1331,AU=ELLEK HASAN
1332,AU=ERDOĞAN HASAN
1333,AU=ERDOĞAN HASAN
1334,AU=ERTAŞ HASAN
1335,AU=ERÇELİK HASAN
1336,AU=EROL HASAN
1337,AU=GÖK HASAN
1338,AU=GÜNGÖR HASAN
1339,AU=ULUTİN HASAN
1340,AU=DÜLGER HASAN
1341,AU=HERKEN HASAN
1342,AU=KART HASAN
1343,AU=KÖŞGER HASAN
1344,AU=SATILMIŞ HASAN
1345,AU=YURTCU HASAN
1346,AU=ÇALI HASAN
1347,AU=ÇEVİK HASAN
1348,AU=ÖZDEMİR HASAN
1349,AU=YÜCE HASAN
1350,AU=KAFALI HASAN
1351,AU=KALA HASAN
1352,AU=KAMAK HASAN
1353,AU=KAPLAN HASAN
1354,AU=KARACAN HASAN
1355,AU=KARAKURT HASAN
1356,AU=KAYA HASAN
1357,AU=KURT HASAN
1358,AU=METİNEREN HASAN
1359,AU=MUTLU HASAN
1360,AU=ÖZER HASAN
1361,AU=SARAL HASAN
1362,AU=GERGERLİOĞLU HASAN
1363,AU=TAK HASAN
1364,AU=ATMACA HASAN
1365,AU=TÜRKMEN HASAN
1366,AU=UÇMAK HASAN
1367,AU=YILDI HASAN
1368,AU=YILDIZHAN HASAN
1369,AU=YUMAK HASAN
1370,AU=ÇANKAYA HASAN
1371,AU=ÇEVİKOĞLU HASAN
1372,AU=ÇEÇE HASAN
1373,AU=ÇINAR HASAN
1374,AU=ÖZTÜRK HASAN
1375,AU=ÜLKER HASAN
1376,AU=İBİCİOĞLU HASAN
1377,AU=MUTAF HASAN
1378,AU=ASLAN HASBİ
1379,AU=KARA HATİBE
1380,AU=CANSUNAR HATİCE
1381,AU=BALABAN HATİCE
1382,AU=CAN HATİCE
1383,AU=AKIN HATİCE
1384,AU=ŞENOĞUZ HATİCE
1385,AU=SEZAN HATİCE
1386,AU=TEBER HATİCE
1387,AU=TOY HATİCE
1388,AU=YEŞİLDAL HATİCE
1389,AU=YÜKSEL HATİCE
1390,AU=AKBAŞ HATİCE
1391,AU=İNAN HATİCE
1392,AU=ÖZBİLGE HATİCE
1393,AU=AYDIN HATİP
1394,AU=YILMAZ HAUDAİ
1395,AU=YILMAZ HAVA
1396,AU=ŞAHİN HAVANUR
1397,AU=EVRENGÜL HAVVA
1398,AU=KOCA HAVVA
1399,AU=YAMAN HAVVA
1400,AU=DEMİRASLAN HAYATİ
1401,AU=GÜNEŞ HAYATİ
1402,AU=KANDİŞ HAYATİ
1403,AU=SINIR HAYATİ
1404,AU=ŞEKER HAYATİ
1405,AU=UÇAK HAYDAR
1406,AU=EROĞLU HAYRETTİN
1407,AU=TUNÇEL HAYRETTİN
1408,AU=ÇETİN HAYRULLAH
1409,AU=ÜN HAYRİ
1410,AU=KARABULUT HAYRİYE
1411,AU=YILMAZ HAYRİYE
1412,AU=YILMAZ HAŞİM
1413,AU=DAVAS HEDİYE
1414,AU=ULVİ HIZIR
1415,AU=ÇOKADAR HULUSİ
1416,AU=HATİPOĞLU HURİSEL
1417,AU=CAN HÜDAYİ
1418,AU=KIZILTUNÇ HÜKMİ
1419,AU=AKSOY HÜLYA
1420,AU=ELİBÜYÜK HÜLYA
1421,AU=GÖKNAR HÜLYA
1422,AU=OGELMAN HÜLYA
1423,AU=ÖZDİNÇ HÜLYA
1424,AU=KOYUNCU HÜLYA
1425,AU=BURUCU HÜMEYRA
1426,AU=CAN HÜMEYRA
1427,AU=BİÇİCİ HÜR
1428,AU=AKYÜZOĞLU HÜSEYİN
1429,AU=AKÇAY HÜSEYİN
1430,AU=ALKIŞ HÜSEYİN
1431,AU=ALPSOY HÜSEYİN
1432,AU=ALTAY HÜSEYİN
1433,AU=ASLAN HÜSEYİN
1434,AU=ASLAN HÜSEYİN
1435,AU=ATALAY HÜSEYİN
1436,AU=BARGAN HÜSEYİN
1437,AU=BAYRAMLAR HÜSEYİN
1438,AU=BAĞCI HÜSEYİN
1439,AU=BEĞENİK HÜSEYİN
1440,AU=BULGURCU HÜSEYİN
1441,AU=KAYHAN HÜSEYİN
1442,AU=CAN HÜSEYİN
1443,AU=TURGUT HÜSEYİN
1444,AU=CİNOĞLU HÜSEYİN
1445,AU=DAŞ HÜSEYİN
1446,AU=ERIŞIK HÜSEYİN
1447,AU=ERTAŞ HÜSEYİN
1448,AU=ERTUÇ HÜSEYİN
1449,AU=ERTİK HÜSEYİN
1450,AU=ESEN HÜSEYİN
1451,AU=GÖKTEPE HÜSEYİN
1452,AU=GÜMÜŞ HÜSEYİN
1453,AU=KAVAS HÜSEYİN
1454,AU=KAYA HÜSEYİN
1455,AU=KORKMAZ HÜSEYİN
1456,AU=KURT HÜSEYİN
1457,AU=OFLAZ HÜSEYİN
1458,AU=POLAT HÜSEYİN
1459,AU=KÜYÜK HÜSEYİN
1460,AU=SİMAVLI HÜSEYİN
1461,AU=TOMAN HÜSEYİN
1462,AU=UYSAL HÜSEYİN
1463,AU=UYSAL HÜSEYİN
1464,AU=YAZICI HÜSEYİN
1465,AU=VAROL HÜSEYİN
1466,AU=YAMAN HÜSEYİN
1467,AU=YAŞAR HÜSEYİN
1468,AU=ZENGİN HÜSEYİN
1469,AU=ÖKSÜZ HÜSEYİN
1470,AU=ÖNEN HÜSEYİN
1471,AU=ÖZDEMİR HÜSEYİN
1472,AU=ÖZYURT HÜSEYİN
1473,AU=İMREK HÜSEYİN
1474,AU=GÖNEL HÜSEİN
1475,AU=GÜDER HÜSNÜ
1476,AU=DEMİRULUS HÜSREV
1477,AU=BAKKAL HİDAYET
1478,AU=ERDOĞAN HİDAYET
1479,AU=ÇIĞLIK HİKMET
1480,AU=BOZOĞLAN HİLAL
1481,AU=ÖZEN HİLAL
1482,AU=ALTINYAZAR HİLMİ
1483,AU=ERGÖREN HİLMİ
1484,AU=KIRLIOĞLU HİLMİ
1485,AU=SÜNGÜ HİLMİ
1486,AU=YAZICI HİLMİ
1487,AU=KORKMAZ HİMMET
1488,AU=AKDOĞAN ILGAZ
1489,AU=DAVARCI IŞIL
1490,AU=DİRLİKYAPAN JALE
1491,AU=MERAL KADEM
1492,AU=ERDEN KADRİYE
1493,AU=AKSAY KADİR
1494,AU=ALPER KADİR
1495,AU=AĞLADIOĞLU KADİR
1496,AU=BAŞER KADİR
1497,AU=CEYLAN KADİR
1498,AU=DÜNDAR KADİR
1499,AU=GEDİK KADİR
1500,AU=GÜMRAH KADİR
1501,AU=KAN KADİR
1502,AU=KARAKUŞ KADİR
1503,AU=KIRKBOĞA KADİR
1504,AU=PAKSOY KADİR
1505,AU=PEKER KADİR
1506,AU=TAN KADİR
1507,AU=CEYHANLI KADİR
1508,AU=TUZLAK KADİR
1509,AU=YILMAZ KADİR
1510,AU=YILDIRIM KADİR
1511,AU=YILDIZ KADİR
1512,AU=YERDELEN KADİR
1513,AU=İSA KADİR
1514,AU=SARI KAMRAN
1515,AU=AYDIN KAMİL
1516,AU=AYDIN KAMİL
1517,AU=KÜÇÜKYILMAZ KAMİL
1518,AU=SEYREK KAMİL
1519,AU=TÜNAY KAMİL
1520,AU=KÖSE KAMİL
1521,AU=ÖZDİN KAMİL
1522,AU=AKBAŞ KASIM
1523,AU=KARAGÖZ KASIM
1524,AU=TUZCU KASIM
1525,AU=ÇAĞLAYA KASIM
1526,AU=GÜLEZ KAYHAN
1527,AU=MENEMENCİOĞLU KAYHAN
1528,AU=İNCE KAYHAN
1529,AU=KEŞLİOĞLU KAZIM
1530,AU=SARICI KAZIM
1531,AU=GÜMÜŞ KAZIM
1532,AU=BEŞİRLİ KAZİM
1533,AU=DEVELİOĞLU KAZİM
1534,AU=ÜÇOK KAĞAN
1535,AU=ATİK KEMAL
1536,AU=BAŞLAR KEMAL
1537,AU=EKİCİ KEMAL
1538,AU=HACIEFENDİOĞLU KEMAL
1539,AU=TÜRKYILMAZ KEMAL
1540,AU=ZORBAZ KEMAL
1541,AU=ÇOMAKLI KEMAL
1542,AU=ÖRNEK KEMAL
1543,AU=İNAL KEMAL
1544,AU=ŞAHİN KEMAL
1545,AU=BULUT KENAN
1546,AU=CANTEKİN KENAN
1547,AU=GÜMÜŞTEKİN KENAN
1548,AU=KAYISIZ KENAN
1549,AU=MELEMEZ KENAN
1550,AU=UÇAN KENAN
1551,AU=ÇOYAN KENAN
1552,AU=İZGİ KENAN
1553,AU=YANIK KERAMETTİN
1554,AU=OK KEREM
1555,AU=ÇOŞKUN KEREM
1556,AU=USTA KEZİBAN
1557,AU=YÜCEL KIVILCIM
1558,AU=KOÇOĞLU KIYASETTİN
1559,AU=GEZER KUTRET
1560,AU=LORDOĞLU KUVVET
1561,AU=CEYHAN KÖKSAL
1562,AU=GÜLTEKİN KÜBRA
1563,AU=ÇİNAR KÜBRA
1564,AU=ÖZKUL KÜBRA
1565,AU=AĞPAK KÜRŞAD
1566,AU=ORAL KÜRŞAT
1567,AU=YAYKAŞLI KÜRŞAT
1568,AU=SOLAK KÜRŞAT
1569,AU=UZUN KÜRŞAT
1570,AU=KAHVECİ KÜÇÜK
1571,AU=AKYÜZ LATİFE
1572,AU=CANTEK LAİKA
1573,AU=AKIN LEMİ
1574,AU=AKKAYA LEVENT
1575,AU=ALTINEL LEVENT
1576,AU=GÜRBÜZLER LEVENT
1577,AU=KARA LEVENT
1578,AU=AKTÜRK LEVENT
1579,AU=BAYAR LEVENT
1580,AU=SEVİ LEVENT
1581,AU=YAZMALAR LEVENT
1582,AU=ÖNAL LEVENT
1583,AU=ÜNSALDI LEVENT
1584,AU=ŞAHİN LEVENT
1585,AU=ŞİMŞEK LEVENT
1586,AU=ÜNAL LEYLA
1587,AU=AYDIN LEYLA
1588,AU=RATHKE LEYLA
1589,AU=ŞAHAN LEYLA
1590,AU=ASLAN LOKMAN
1591,AU=ERDEMİR LOKMAN
1592,AU=KARAKURT LOKMAN
1593,AU=KAYCI LOKMAN
1594,AU=SOYORAL LOKMAN
1595,AU=VARIŞLİ LOKMAN
1596,AU=ÜSTYOL LOKMAN
1597,AU=YAVUZ LÜTFULLAH
1598,AU=ÇAKIR LÜTFULLAH
1599,AU=GENÇ LÜTFİ
1600,AU=ÖZCAN LÜTFİ
1601,AU=ÖZEL LÜTFİ
1602,AU=YARGIÇ LÜTFİ
1603,AU=KAYA LİLÜFER
1604,AU=CHIFANE LİVİU-AUGUSTİN
1605,AU=ERCEVAHİR MACİT
1606,AU=BAŞTÜRK MAHMET
1607,AU=ABUHANDAN MAHMUT
1608,AU=AKYOL MAHMUT
1609,AU=ALPAYCI MAHMUT
1610,AU=ARABUL MAHMUT
1611,AU=AYPEK MAHMUT
1612,AU=BİRGÜN MAHMUT
1613,AU=BÜYÜKBOZDUĞAN MAHMUT
1614,AU=YILDIZ MAHMUT
1615,AU=DAĞLI MAHMUT
1616,AU=DAŞÇI MAHMUT
1617,AU=DEMİRTAŞ MAHMUT
1618,AU=DUYMUŞ MAHMUT
1619,AU=GÜZEL MAHMUT
1620,AU=KOÇAK MAHMUT
1621,AU=NALBANTÇILAR MAHMUT
1622,AU=ULUSOY MAHMUT
1623,AU=YALÇIN MAHMUT
1624,AU=YENER MAHMUT
1625,AU=ZKAN MAHMUT
1626,AU=ÖZDEVECİOĞLU MAHMUT
1627,AU=ÜLESİN MAHMUT
1628,AU=İNANÇ MAHMUT
1629,AU=ŞEKER MAHMUT
1630,AU=ALKAN MAHİR
1631,AU=ERKURAN MANSUR
1632,AU=NART MARUF
1633,AU=GÖK MAİDE
1634,AU=AYHAN MEDİHA
1635,AU=CÜRE MEDİNE
1636,AU=KARA MEDİNE
1637,AU=PAKDEMİRLİ MEFKURE
1638,AU=YEKSAN MEHDİ
1639,AU=AKBULAK MEHMET
1640,AU=AKBULUT MEHMET
1641,AU=AKIN MEHMET
1642,AU=AKKÖSE MEHMET
1643,AU=AKSOY MEHMET
1644,AU=AKTAŞ MEHMET
1645,AU=CEVİZ MEHMET
1646,AU=DOKUZOĞLU MEHMET
1647,AU=KILAVUZ MEHMET
1648,AU=KÜTÜK MEHMET
1649,AU=KÜTÜKÇÜ MEHMET
1650,AU=SARICA MEHMET
1651,AU=ÇEÇEN MEHMET
1652,AU=ÇUKURÇAYIR MEHMET
1653,AU=ALACALI MEHMET
1654,AU=SÖZER MEHMET
1655,AU=BAŞTÜRK MEHMET
1656,AU=BALKANLIOĞLU MEHMET
1657,AU=ELBEY MEHMET
1658,AU=EROĞLU MEHMET
1659,AU=SEVEN MEHMET
1660,AU=SÖĞÜT MEHMET
1661,AU=UÇAR MEHMET
1662,AU=ÇALGAN MEHMET
1663,AU=ARDIÇLIOĞLU MEHMET
1664,AU=ARICAN MEHMET
1665,AU=ARSLAN MEHMET
1666,AU=ASLANTAŞ MEHMET
1667,AU=ASMALI MEHMET
1668,AU=CEBE MEHMET
1669,AU=BÜYÜKGÜÇLÜ MEHMET
1670,AU=AVCI MEHMET
1671,AU=AYAN MEHMET
1672,AU=AŞKIN MEHMET
1673,AU=ACAT MEHMET
1674,AU=BAYINDIR MEHMET
1675,AU=BAYRAM MEHMET
1676,AU=BAŞLAR MEHMET
1677,AU=BAŞÖREN MEHMET
1678,AU=BOSTAN MEHMET
1679,AU=BOŞNAK MEHMET
1680,AU=BULUT MEHMET
1681,AU=KAHYAOĞLU MEHMET
1682,AU=YÜKSEL MEHMET
1683,AU=CENGİL MEHMET
1684,AU=ERÇİN MEHMET
1685,AU=CEVRİ MEHMET
1686,AU=EROĞLU MEHMET
1687,AU=UNIVERSITYER MEHMET
1688,AU=CİVAN MEHMET
1689,AU=DALLI MEHMET
1690,AU=DAVUTOĞLU MEHMET
1691,AU=DAYIK MEHMET
1692,AU=BULUT MEHMET
1693,AU=DEVEER MEHMET
1694,AU=DEĞERLİYURT MEHMET
1695,AU=DURU MEHMET
1696,AU=ÇAMAN MEHMET
1697,AU=KALENDER MEHMET
1698,AU=KILIÇ MEHMET
1699,AU=KUYUMCU MEHMET
1700,AU=KÖK MEHMET
1701,AU=SAKARYA MEHMET
1702,AU=TAŞDELEN MEHMET
1703,AU=YÜKSEKKAYA MEHMET
1704,AU=ÖZYALVAÇLI MEHMET
1705,AU=İNAL MEHMET
1706,AU=ŞEN MEHMET
1707,AU=ÜNLÜ MEHMET
1708,AU=ERDEM MEHMET
1709,AU=ERDOĞAN MEHMET
1710,AU=EROĞLU MEHMET
1711,AU=ÇİFTÇİ MEHMET
1712,AU=ESGİN MEHMET
1713,AU=GEYİK MEHMET
1714,AU=ÇATAL MEHMET
1715,AU=BARIŞ MEHMET
1716,AU=CANBOLAT MEHMET
1717,AU=GARÇA MEHMET
1718,AU=GÜNER MEHMET
1719,AU=KARAASLAN MEHMET
1720,AU=KARAKAŞ MEHMET
1721,AU=KAYA MEHMET
1722,AU=SÖNMEZ MEHMET
1723,AU=ÇAĞLAR MEHMET
1724,AU=ÖZLÜ MEHMET
1725,AU=GÖKALP MEHMET
1726,AU=GÜRKAN MEHMET
1727,AU=GEDİK MEHMET
1728,AU=GESOĞLU MEHMET
1729,AU=TETİN MEHMET
1730,AU=GÖKTEPE MEHMET
1731,AU=GÖRAL MEHMET
1732,AU=GÜL MEHMET
1733,AU=GÜNAY MEHMET
1734,AU=GÜNDÜZ MEHMET
1735,AU=KAYA MEHMET
1736,AU=GÜRBÜZ MEHMET
1737,AU=SOLAK MEHMET
1738,AU=TANRIVERDİ MEHMET
1739,AU=KIZILCI MEHMET
1740,AU=ALTAN MEHMET
1741,AU=HAZAR MEHMET
1742,AU=ATMACA MEHMET
1743,AU=KABA MEHMET
1744,AU=KABACIK MEHMET
1745,AU=KAHRAMAN MEHMET
1746,AU=KANDAZ MEHMET
1747,AU=KANTER MEHMET
1748,AU=KARAASLAN MEHMET
1749,AU=KARABACAK MEHMET
1750,AU=KARABİBER MEHMET
1751,AU=KARACA MEHMET
1752,AU=KARAKIZ MEHMET
1753,AU=KARAKOÇ MEHMET
1754,AU=KAYGANA MEHMET
1755,AU=KAYRAK MEHMET
1756,AU=KAŞLI MEHMET
1757,AU=KARAAĞAÇ MEHMET
1758,AU=KIDIR MEHMET
1759,AU=KILIÇ MEHMET
1760,AU=KURTULMUŞ MEHMET
1761,AU=KÖROĞLU MEHMET
1762,AU=KİR MEHMET
1763,AU=TAŞLI MEHMET
1764,AU=OCAK MEHMET
1765,AU=KÜÇÜK MEHMET
1766,AU=MELEK MEHMET
1767,AU=MERCAN MEHMET
1768,AU=METE MEHMET
1769,AU=EROL MEHMET
1770,AU=RİFAİOĞLU MEHMET
1771,AU=HAMİDİ MEHMET
1772,AU=NAM MEHMET
1773,AU=NEBİOĞLU MEHMET
1774,AU=KUMRU MEHMET
1775,AU=TURAN MEHMET
1776,AU=KANBUR MEHMET
1777,AU=ÖZYURTKAN MEHMET
1778,AU=PAKDEMİRLİ MEHMET
1779,AU=PENCECİOĞLU MEHMET
1780,AU=HELVACI MEHMET
1781,AU=KESİCİ MEHMET
1782,AU=BÜRÜNGÜZ MEHMET
1783,AU=DEMİRAY MEHMET
1784,AU=ERSOY MEHMET
1785,AU=AYDIN MEHMET
1786,AU=ARBATLI MEHMET
1787,AU=ARIK MEHMET
1788,AU=SAKÇALI MEHMET
1789,AU=BAL MEHMET
1790,AU=SUBAŞI MEHMET
1791,AU=TAN MEHMET
1792,AU=YASEMİN MEHMET
1793,AU=TEKKOYUN MEHMET
1794,AU=TEKİNKUŞ MEHMET
1795,AU=TEMEL MEHMET
1796,AU=TERZİ MEHMET
1797,AU=TETİKOĞLU MEHMET
1798,AU=GÜLSOY MEHMET
1799,AU=TOK MEHMET
1800,AU=TOSUN MEHMET
1801,AU=TURMUŞ MEHMET
1802,AU=TUZCU MEHMET
1803,AU=SEZER MEHMET
1804,AU=TÜRKELİ MEHMET
1805,AU=TÜRKER MEHMET
1806,AU=TİKİCİ MEHMET
1807,AU=ULUKAN MEHMET
1808,AU=UMRUL MEHMET
1809,AU=UYGUN MEHMET
1810,AU=UZKUT MEHMET
1811,AU=UZUNOĞLU MEHMET
1812,AU=UZUNOĞLU MEHMET
1813,AU=PAZARLIOĞLU MEHMET
1814,AU=VURAL MEHMET
1815,AU=YAKUT MEHMET
1816,AU=YAMAN MEHMET
1817,AU=ŞEKER MEHMET
1818,AU=YAZICI MEHMET
1819,AU=YAZICI MEHMET
1820,AU=YENİTERZİ MEHMET
1821,AU=YILDIRIM MEHMET
1822,AU=YILMAZ MEHMET
1823,AU=YILMAZ MEHMET
1824,AU=YÜCEL MEHMET
1825,AU=ZENCİR MEHMET
1826,AU=YILMAZ MEHMET
1827,AU=ÇABUK MEHMET
1828,AU=ÇARDAK MEHMET
1829,AU=ÇEBER MEHMET
1830,AU=ÇELİKBİLEK MEHMET
1831,AU=ÇETE MEHMET
1832,AU=ÇOBAN MEHMET
1833,AU=ÇOLAK MEHMET
1834,AU=ÇOLAKOĞLU MEHMET
1835,AU=ÖNDER MEHMET
1836,AU=ÖZ MEHMET
1837,AU=ÖZBİLGİN MEHMET
1838,AU=ÖZCAN MEHMET
1839,AU=ÖZDAMAR MEHMET
1840,AU=ÖZEL MEHMET
1841,AU=ÜLGER MEHMET
1842,AU=ÜNLÜ MEHMET
1843,AU=TURAN MEHMET
1844,AU=İLİ MEHMET
1845,AU=İNCİ MEHMET
1846,AU=ŞAHİN MEHMET
1847,AU=ŞENEL MEHMET
1848,AU=ŞENGÖNÜL MEHMET
1849,AU=ŞENGÜL MEHMET
1850,AU=ARSLAN MEHMET
1851,AU=İĞCİ MEHRİ
1852,AU=KORUCU MEHTAP
1853,AU=TATAR MEHTAP
1854,AU=YIGIN MEHTAP
1855,AU=GÜRGEN MELAHAT
1856,AU=YAMAN MELDA
1857,AU=BULUT MELEK
1858,AU=GÖREGENLİ MELEK
1859,AU=ÇETİNKAYA MELEK
1860,AU=İNCİ MELEK
1861,AU=KARS MELTEM
1862,AU=BÖRÜBAN MELİH
1863,AU=ERKAN MELİH
1864,AU=YÜKSEL MELİH
1865,AU=BAKIRCI MELİKE
1866,AU=ŞENGÜL MELİKE
1867,AU=ULU MELİKE
1868,AU=IŞIK MEMET
1869,AU=KILDIRAN MENDERES
1870,AU=ÇOŞKUN MENDERES
1871,AU=MALKOÇ MERAL
1872,AU=CAMCI MERAL
1873,AU=GÜRBÜZ MERAL
1874,AU=SERVİ MERAL
1875,AU=SULAK MERAL
1876,AU=KURDOĞLU MERTİHAN
1877,AU=KOIZHAIGANOVA MERUYERT
1878,AU=ŞEKER MERYAM
1879,AU=GENCER MERYEM
1880,AU=ERYILMAZ MESUR
1881,AU=ALBEN MESUT
1882,AU=AYDIN MESUT
1883,AU=DURAT MESUT
1884,AU=ERDAL MESUT
1885,AU=ERDURMUŞ MESUT
1886,AU=GARİPARDIÇ MESUT
1887,AU=GÖRÜR MESUT
1888,AU=HAZIR MESUT
1889,AU=KESKİN MESUT
1890,AU=KILIÇ MESUT
1891,AU=KOAN MESUT
1892,AU=ŞİMŞEK MESUT
1893,AU=KARAYEL METE
1894,AU=GÜMÜŞ METEHAN
1895,AU=AKBULUT METİN
1896,AU=AKDAĞ METİN
1897,AU=ALTIOK METİN
1898,AU=AYTEKİN METİN
1899,AU=DEVECİ METİN
1900,AU=DIĞRAK METİN
1901,AU=DOĞAN METİN
1902,AU=DURU METİN
1903,AU=GÜLER METİN
1904,AU=KABA METİN
1905,AU=KERTMEN METİN
1906,AU=MERİÇ METİN
1907,AU=TEMEL METİN
1908,AU=ULUKÖY METİN
1909,AU=YILMAZ METİN
1910,AU=ÖZTÜRK METİN
1911,AU=ÖZDEMİR MEVCİ
1912,AU=TUNÇ MEVLÜNT
1913,AU=ARAS MEVLÜT
1914,AU=DEMİRÖZÜ MEVLÜT
1915,AU=DOĞAN MEVLÜT
1916,AU=KARAOĞLU MEVLÜT
1917,AU=KURT MEVLÜT
1918,AU=YAPRAK MEVLÜT
1919,AU=ÇELİKOĞLU MEVLÜT
1920,AU=İKBAL MEVLÜT
1921,AU=YILMAZ MHMET
1922,AU=ÖZKAN MUAMMED
1923,AU=ALTOK MUAMMER
1924,AU=CENGİZ MUAMMER
1925,AU=DOĞAN MUAMMER
1926,AU=GÜL MUAMMER
1927,AU=KAVANOZ MUAMMER
1928,AU=TİLKİ MUAMMER
1929,AU=ÖZGÖREN MUAMMER
1930,AU=ÖZTÜRK MUAMMER
1931,AU=AYVAZ MUAVVİZ
1932,AU=GÜNGÖREN MUAZ
1933,AU=ÇETİNER MUAZZEZ
1934,AU=HOŞNUTER MUBİN
1935,AU=ASLAN MUHAMMED
1936,AU=AYDIN MUHAMMED
1937,AU=ERÇETİN MUHAMMED
1938,AU=ATİLA MUHAMMED
1939,AU=TURAN MUHAMMED
1940,AU=KIZILTUNÇ MUHAMMED
1941,AU=ÖZLEN MUHAMMED
1942,AU=DEMİR MUHAMMED
1943,AU=OYLUMLU MUHAMMED
1944,AU=SARIKAYA MUHAMMED
1945,AU=BAYINDIR MUHAMMED
1946,AU=KIR MUHAMMED
1947,AU=ÇİNKAYA MUHAMMED
1948,AU=ÇİÇEK MUHAMMED
1949,AU=KARA MUHAMMED
1950,AU=AKAYDIN MUHAMMET
1951,AU=ALTUNOK MUHAMMET
1952,AU=DURAN MUHAMMET
1953,AU=ARIK MUHAMMET
1954,AU=CERİT MUHAMMET
1955,AU=DERVİŞOĞLU MUHAMMET
1956,AU=KÖSE MUHAMMET
1957,AU=ALKAYIŞ MUHAMMET
1958,AU=GENÇ MUHAMMET
1959,AU=CİNSDİKİCİ MUHAMMET
1960,AU=IŞIKLAN MUHAMMET
1961,AU=ÇAYCI MUHAMMET
1962,AU=KOÇAK MUHAMMET
1963,AU=KUZUBAŞ MUHAMMET
1964,AU=KÖKSAL MUHAMMET
1965,AU=ARSLAN MUHAMMET
1966,AU=SERVİ MUHAMMET
1967,AU=UŞAK MUHAMMET
1968,AU=YALÇIN MUHAMMET
1969,AU=KAHRAMAN MUHAMMET
1970,AU=AKSU MUHAMMET
1971,AU=ŞAKİROĞLU MUHAMMET
1972,AU=PAKSU MUHAMMET
1973,AU=AKSU MUHARREM
1974,AU=AKTAŞ MUHARREM
1975,AU=AKTÜMEN MUHARREM
1976,AU=DURAN MUHARREM
1977,AU=GENÇTÜRK MUHARREM
1978,AU=KAYA MUHARREM
1979,AU=KAYA MUHARREM
1980,AU=VAROL MUHARREM
1981,AU=YILDIZ MUHARREM
1982,AU=İNAN MUHARREM
1983,AU=UYAR MUHEMMET
1984,AU=BAĞDİGEN MUHLİS
1985,AU=CAN MUHLİS
1986,AU=SARIDEDE MUHLİS
1987,AU=SAVAŞ MUHMMET
1988,AU=ÇELİK MUHSİN
1989,AU=ÖZDEM MUHSİN
1990,AU=ÖZDEMİR MUHSİN
1991,AU=BAĞCI MUHİDDİN
1992,AU=AKÜL MUHİTTİN
1993,AU=KARAKAYA MUHİTTİN
1994,AU=ASLANKURT MURAT
1995,AU=ATAR MURAT
1996,AU=ATEŞ MURAT
1997,AU=ATİK MURAT
1998,AU=ATİŞ MURAT
1999,AU=AYAN MURAT
2000,AU=AYDEMİR MURAT
2001,AU=AYDIN MURAT
2002,AU=AYDIN MURAT
2003,AU=AYDIN MURAT
2004,AU=BAKIŞ MURAT
2005,AU=BALCI MURAT
2006,AU=BAĞLIBEL MURAT
2007,AU=BİRİCİK MURAT
2008,AU=CANKURT MURAT
2009,AU=DAMAR MURAT
2010,AU=DOĞAN MURAT
2011,AU=DÜNDAR MURAT
2012,AU=DİRLİKLİ MURAT
2013,AU=EMEKSİZ MURAT
2014,AU=ERDOĞAN MURAT
2015,AU=ERDURAN MURAT
2016,AU=ERSÖZ MURAT
2017,AU=GÖRGÜLÜ MURAT
2018,AU=GÜNAYDIN MURAT
2019,AU=HÖKELEK MURAT
2020,AU=YARIKTAŞ MURAT
2021,AU=KAHVECİ MURAT
2022,AU=KAPAN MURAT
2023,AU=KAPSIZ MURAT
2024,AU=KARA MURAT
2025,AU=KARAGÖZ MURAT
2026,AU=KARAGÖZ MURAT
2027,AU=KARAHAN MURAT
2028,AU=KARCIOĞLU MURAT
2029,AU=KAYA MURAT
2030,AU=KEÇE MURAT
2031,AU=KIZIL MURAT
2032,AU=KOYUNCU MURAT
2033,AU=KÜÇÜKTÜFEKÇİ MURAT
2034,AU=KİRACI MURAT
2035,AU=NAVRUZ MURAT
2036,AU=OKTAY MURAT
2037,AU=ORTANCA MURAT
2038,AU=SARI MURAT
2039,AU=SARITEMUR MURAT
2040,AU=SAVAŞ MURAT
2041,AU=SAYILI MURAT
2042,AU=SEVER MURAT
2043,AU=SEVİNÇ MURAT
2044,AU=SEVİNÇ MURAT
2045,AU=SEYMEN MURAT
2046,AU=TURNA MURAT
2047,AU=ULUDAĞ MURAT
2048,AU=UYSAL MURAT
2049,AU=YANIK MURAT
2050,AU=YILDAR MURAT
2051,AU=YILDIZ MURAT
2052,AU=YILDIZ MURAT
2053,AU=YÜCE MURAT
2054,AU=YÜCE MURAT
2055,AU=YÜKSEL MURAT
2056,AU=ÇAKIROĞLU MURAT
2057,AU=ÇAĞLAROĞLU MURAT
2058,AU=ÇELEBİ MURAT
2059,AU=ÇITIR MURAT
2060,AU=ÇOBANER MURAT
2061,AU=ÇOŞAR MURAT
2062,AU=ÇİMENCAN MURAT
2063,AU=ÖZBAY MURAT
2064,AU=ÖZEL MURAT
2065,AU=ÖZOĞLU MURAT
2066,AU=ÖZSARAÇ MURAT
2067,AU=ÖZŞAKER MURAT
2068,AU=ÜNALACAK MURAT
2069,AU=İŞCAN MURAT
2070,AU=ŞAT MURAT
2071,AU=ŞEREFLİCAN MURAT
2072,AU=KAYİM MURATHAN
2073,AU=KÖSE MURTAZA
2074,AU=AVCI MUSA
2075,AU=AKÇE MUSA
2076,AU=AYDIN MUSA
2077,AU=UÇAN MUSA
2078,AU=GÜNAY MUSA
2079,AU=ASYALI MUSA
2080,AU=GÜLÇÜR MUSA
2081,AU=SAĞLAM MUSA
2082,AU=YIGIN MUSA
2083,AU=ZORLU MUSA
2084,AU=ÇAKICI MUSA
2085,AU=ÇAPKIN MUSA
2086,AU=ÖKSÜZ MUSA
2087,AU=ÖZBAY MUSA
2088,AU=YÜCE MUSAFA
2089,AU=ACAR MUSTAFA
2090,AU=AKÇAY MUSTAFA
2091,AU=SARIYILDIZ MUSTAFA
2092,AU=ALDEMİR MUSTAFA
2093,AU=ANAR MUSTAFA
2094,AU=ARIKAN MUSTAFA
2095,AU=ATASOY MUSTAFA
2096,AU=AKDEMİR MUSTAFA
2097,AU=AYDIN MUSTAFA
2098,AU=BAKIR MUSTAFA
2099,AU=BAYTAR MUSTAFA
2100,AU=BAŞER MUSTAFA
2101,AU=BENEKLİ MUSTAFA
2102,AU=BİRİNCİOĞLU MUSTAFA
2103,AU=BİÇER MUSTAFA
2104,AU=CEMEK MUSTAFA
2105,AU=KARACADAĞ MUSTAFA
2106,AU=CENGİZ MUSTAFA
2107,AU=İZGİ MUSTAFA
2108,AU=HOŞCOŞKUN MUSTAFA
2109,AU=DEMETGÜL MUSTAFA
2110,AU=DEMİR MUSTAFA
2111,AU=DEMİRCİ MUSTAFA
2112,AU=DEMİRCİ MUSTAFA
2113,AU=DEMİREL MUSTAFA
2114,AU=DENİZ MUSTAFA
2115,AU=YILDIRIM MUSTAFA
2116,AU=DOĞAN MUSTAFA
2117,AU=DURMAN MUSTAFA
2118,AU=DURMUŞ MUSTAFA
2119,AU=DÖNMEZ MUSTAFA
2120,AU=ERAYMAN MUSTAFA
2121,AU=ERBOĞA MUSTAFA
2122,AU=EROL MUSTAFA
2123,AU=ERSÖZ MUSTAFA
2124,AU=USMAN MUSTAFA
2125,AU=GÖLCÜ MUSTAFA
2126,AU=GÜL MUSTAFA
2127,AU=GÜNEŞ MUSTAFA
2128,AU=GÜVEN MUSTAFA
2129,AU=GÜVEN MUSTAFA
2130,AU=DİNÇKAL MUSTAFA
2131,AU=ERTAN MUSTAFA
2132,AU=SUCAKLI MUSTAFA
2133,AU=HOPAÇ MUSTAFA
2134,AU=HOTAMIŞLI MUSTAFA
2135,AU=IRAZ MUSTAFA
2136,AU=IŞIK MUSTAFA
2137,AU=ALTUNDAĞ MUSTAFA
2138,AU=KALAFAT MUSTAFA
2139,AU=KALAY MUSTAFA
2140,AU=KAPLANOĞLU MUSTAFA
2141,AU=KARA MUSTAFA
2142,AU=KARABULUT MUSTAFA
2143,AU=KARAPİRLİ MUSTAFA
2144,AU=KARATAŞ MUSTAFA
2145,AU=KAVACIK MUSTAFA
2146,AU=KAYIK MUSTAFA
2147,AU=KAYMAKÇI MUSTAFA
2148,AU=KELEN MUSTAFA
2149,AU=COŞKUN MUSTAFA
2150,AU=DEMİRCİ MUSTAFA
2151,AU=İŞMAN MUSTAFA
2152,AU=KINSIZ MUSTAFA
2153,AU=KOYUNCU MUSTAFA
2154,AU=KULAÇ MUSTAFA
2155,AU=KURT MUSTAFA
2156,AU=KURT MUSTAFA
2157,AU=KURUL MUSTAFA
2158,AU=KUTANİS MUSTAFA
2159,AU=KÖKSAL MUSTAFA
2160,AU=KÜÇÜKAYDIN MUSTAFA
2161,AU=KÜÇÜKÖNER MUSTAFA
2162,AU=KİRKİT MUSTAFA
2163,AU=LAMAN MUSTAFA
2164,AU=MAMAK MUSTAFA
2165,AU=TATLI MUSTAFA
2166,AU=MENCÜTEKİN MUSTAFA
2167,AU=ARIKAN MUSTAFA
2168,AU=METİN MUSTAFA
2169,AU=ATANAK MUSTAFA
2170,AU=MÜJDECİ MUSTAFA
2171,AU=MUŞTA MUSTAFA
2172,AU=OBAY MUSTAFA
2173,AU=OFLAZ MUSTAFA
2174,AU=OĞUZ MUSTAFA
2175,AU=SİNEMİLLİOĞLU MUSTAFA
2176,AU=SAMANCIOĞLU MUSTAFA
2177,AU=SARICA MUSTAFA
2178,AU=SAÇAR MUSTAFA
2179,AU=SAĞIR MUSTAFA
2180,AU=SEKMEN MUSTAFA
2181,AU=YAVUZ MUSTAFA
2182,AU=SELÇUK MUSTAFA
2183,AU=KARA MUSTAFA
2184,AU=KEMALOĞLU MUSTAFA
2185,AU=KARAKAŞ MUSTAFA
2186,AU=SERİNKEN MUSTAFA
2187,AU=SÜNBÜL MUSTAFA
2188,AU=TEKPINAR MUSTAFA
2189,AU=TEKİN MUSTAFA
2190,AU=ERDEM MUSTAFA
2191,AU=BALTA MUSTAFA
2192,AU=TOPARLI MUSTAFA
2193,AU=TURKAL MUSTAFA
2194,AU=TUTAK MUSTAFA
2195,AU=GÖKTAŞ MUSTAFA
2196,AU=TÜRKMEN MUSTAFA
2197,AU=TİMUR MUSTAFA
2198,AU=ULAŞLI MUSTAFA
2199,AU=UZKESER MUSTAFA
2200,AU=UĞURLU MUSTAFA
2201,AU=VEKLİ MUSTAFA
2202,AU=YAPRAK MUSTAFA
2203,AU=YAZICI MUSTAFA
2204,AU=YEŞİLYURT MUSTAFA
2205,AU=YILDIRIM MUSTAFA
2206,AU=YILDIRIM MUSTAFA
2207,AU=YILDIRIM MUSTAFA
2208,AU=YILDIZ MUSTAFA
2209,AU=YILMAZ MUSTAFA
2210,AU=YILMAZ MUSTAFA
2211,AU=YURTTUTAR MUSTAFA
2212,AU=ZİNCİRKIRAN MUSTAFA
2213,AU=ÇAMAŞ MUSTAFA
2214,AU=ÇATIR MUSTAFA
2215,AU=ÇEKER MUSTAFA
2216,AU=ÇELİK MUSTAFA
2217,AU=ÖKMEN MUSTAFA
2218,AU=ÖNDER MUSTAFA
2219,AU=ÖZ MUSTAFA
2220,AU=ÖZBAYRAK MUSTAFA
2221,AU=ÖZDEN MUSTAFA
2222,AU=ÖZDEN MUSTAFA
2223,AU=ÖZEN MUSTAFA
2224,AU=ÖZGEN MUSTAFA
2225,AU=ÖZŞAHİN MUSTAFA
2226,AU=ÜLKER MUSTAFA
2227,AU=ÜNAL MUSTAFA
2228,AU=İZMİRLİ MUSTAFA
2229,AU=ŞAHAN MUSTAFA
2230,AU=ŞENER MUSTAFA
2231,AU=ŞENGÜN MUSTAFA
2232,AU=ARAS MUTAN
2233,AU=ADAK MUTLU
2234,AU=DAĞLIOĞLU MUTLU
2235,AU=AYDEMİR MUZAFFER
2236,AU=DOĞAN MUZAFFER
2237,AU=ERDOĞAN MUZAFFER
2238,AU=ERDOĞAN MUZAFFER
2239,AU=MALKOÇ MUZAFFER
2240,AU=SARIAYDIN MUZAFFER
2241,AU=TOPÇU MUZAFFER
2242,AU=TANRIÖVEN MUĞDEŞEM
2243,AU=ARPACI MÜCAHİT
2244,AU=EMET MÜCAHİT
2245,AU=ÖZÇELİK MÜCAHİT
2246,AU=ÜNAL MÜCAHİT
2247,AU=ÖZDEMİR MÜKERREM
2248,AU=GÜRE MÜLAYİM
2249,AU=NAZLI MÜMTAZ
2250,AU=AKMAZ MÜNTEHA
2251,AU=CERRAHOĞLU MÜNİR
2252,AU=KARABEKİR MÜNİRE
2253,AU=AKYÜZ MÜRSEL
2254,AU=ATA MÜRSEL
2255,AU=DAVARCI MÜRSEL
2256,AU=GÜRSES MÜRSEL
2257,AU=ÇEPNİ MÜRSEL
2258,AU=TUFAN MÜRŞİT
2259,AU=DEMİR MÜSLİM
2260,AU=İZMİRLİ MÜZEYYEN
2261,AU=ALTAN MİKAİL
2262,AU=SÖYLEMEZ MİKAİL
2263,AU=TÜRKKAHRAMAN MİMAR
2264,AU=BEK MİNE
2265,AU=ŞİMŞEK MİNE
2266,AU=KISACIKOĞLU MİTHAT
2267,AU=GÜNAYDIN MİTHAT
2268,AU=YAYLAGÜL MİYASE
2269,AU=AKÇAY MİĞRAÇ
2270,AU=TOPALOĞLU NACİ
2271,AU=KARKINER NADİDE
2272,AU=GÖKSÜGÜR NADİR
2273,AU=YILMAZ NAFİYE
2274,AU=ARSLAN NAGEHAN
2275,AU=SARI NAGİHAN
2276,AU=DELİBAŞ NAMIK
2277,AU=HATİPOĞLU NAMIK
2278,AU=KARABİBER NAMIK
2279,AU=ÇOŞKUN NART
2280,AU=AYDN NASUHİ
2281,AU=KERİMOV NAZIM
2282,AU=İSLAM NAZIR
2283,AU=ATASOY NAZMİ
2284,AU=YAŞITLI NAZMİ
2285,AU=ÇETİN NAZMİ
2286,AU=KERVAN NAZMİYE
2287,AU=KARAGÖZOĞLU NAZİKE
2288,AU=YILMAZ NAZİRE
2289,AU=BİLMEDİ NAİF
2290,AU=GÜNEY NAİL
2291,AU=BİLGİN NCEDET
2292,AU=YILMAZ NEBİ
2293,AU=BOZKURT NECATİ
2294,AU=HIRÇA NECATİ
2295,AU=KOÇYİĞİT NECATİ
2296,AU=SALTEK NECDET
2297,AU=ERTÜRK NECLA
2298,AU=AYDIN NECMEDDİN
2299,AU=ERDOĞAN NECMETTİN
2300,AU=KILINÇ NECMETTİN
2301,AU=PENABGÜL NECMETTİN
2302,AU=ARSLAN NECMİ
2303,AU=BIYIKLI NECMİ
2304,AU=GÖKAY NECMİ
2305,AU=DEMİRCİ NEDRET
2306,AU=ELMAS NEDRET
2307,AU=TEİK NEDİM
2308,AU=KARAKAYA NEJDET
2309,AU=ŞİMŞEK NEJDET
2310,AU=GÜLTEPE NEJLA
2311,AU=KURUL NEJLA
2312,AU=KIYMAZ NEJMİ
2313,AU=ÇÖRDÜK NERGÜL
2314,AU=ÇELİK NERMİN
2315,AU=BARUT NESLİ
2316,AU=BAYRAK NESLİHAN
2317,AU=BULUT NESLİHAN
2318,AU=KADIKÖYLÜ NESLİHAN
2319,AU=ATCI NESRİN
2320,AU=GÜRSAN NESRİN
2321,AU=ANDIRAN NESİBİ
2322,AU=KARABULUT NEVZA
2323,AU=DAMLA NEVZAT
2324,AU=TARIM NEVZAT
2325,AU=TUZCU NEVİN
2326,AU=SARIBOĞA NEZAKET
2327,AU=ÖNDÜL NEZİHA
2328,AU=AKGÜL NEŞE
2329,AU=AKAR NEŞET
2330,AU=DEMİRCİ NEŞET
2331,AU=YILDIZ NUERTTİN
2332,AU=KONUK NUMAN
2333,AU=YÜKSEL NUMAN
2334,AU=ÖZEN NUMAN
2335,AU=ÇELİK NUR
2336,AU=KAYABAŞI NURAN
2337,AU=BÜYÜKBERBER NURAY
2338,AU=MEMİŞ NURAY
2339,AU=KAHRAMAN NURCAN
2340,AU=ATA NURCAN
2341,AU=PAZARLIOĞLU NURDAN
2342,AU=AYDEMİR NURDANE
2343,AU=TOMBAK NURDOĞAN
2344,AU=VAN NUREDDİN
2345,AU=ÇELİMLİ NUREDDİN
2346,AU=BİLGEN NURETTİN
2347,AU=DOĞAN NURETTİN
2348,AU=İŞMAN NURETTİN
2349,AU=KUZHAN NURETTİN
2350,AU=SAVAŞ NURETTİN
2351,AU=YÖREK NURETTİN
2352,AU=ÖZKÖKELİ NURETTİN
2353,AU=ÖZTÜRK NURETTİN
2354,AU=İBRAHİMOĞLU NURETTİN
2355,AU=ŞENYER NURETTİN
2356,AU=ATMACA NURGÜL
2357,AU=BOZKURT NURGÜL
2358,AU=TANKUT NURGÜL
2359,AU=YAĞIZ NURKAN
2360,AU=ŞAHİN NURSEL
2361,AU=AKSOY NURTEN
2362,AU=AKKOÇ NURULLAH
2363,AU=ALTUN NURULLAH
2364,AU=ANKARALIOĞLU NURULLAH
2365,AU=KAYA NURULLAH
2366,AU=KAYIŞOĞLU NURULLAH
2367,AU=KÖKSAL NURULLAH
2368,AU=TABAKCI NURULLAH
2369,AU=AYDOĞDU NURİ
2370,AU=BOZALİ NURİ
2371,AU=KİRAZ NURİ
2372,AU=OK NURİ
2373,AU=ÇOLAK NUSRET
2374,AU=BAYINDIR NİDA
2375,AU=BOZ NİHAT
2376,AU=KAYA NİHAT
2377,AU=YAZILITAŞ NİHAT
2378,AU=YAĞMUR NİHAT
2379,AU=YILMAZ NİHAT
2380,AU=ÇETİNKAYA NİHAT
2381,AU=İLHAN NİHAT
2382,AU=ŞEN NİHAT
2383,AU=LODOĞLU NİLAY
2384,AU=SAMANCI NİLAY
2385,AU=ÜSTÜN NİLGÜL
2386,AU=ERDEM NİLGÜN
2387,AU=KILINÇ NİLGÜN
2388,AU=ATALAY NİLGÜN
2389,AU=KOCA NİLÜFER
2390,AU=KORKMAZ NİLÜFER
2391,AU=İLHAN NİLÜFER
2392,AU=KAHYA NİMET
2393,AU=ERDOĞAN NİYAZİ
2394,AU=KILIÇ NİYAZİ
2395,AU=ODABAŞIOĞLU NİYAZİ
2396,AU=KOÇ OKAN
2397,AU=SAĞLAMBİLEN OKAN
2398,AU=SOLAK OKAN
2399,AU=DEMİRDAĞ OKTAY
2400,AU=ÖZTÜRK OKTAY
2401,AU=HATİPOĞLU OKTAY
2402,AU=SARI OKTAY
2403,AU=ÖKSÜZLER OKTAY
2404,AU=ESER OLCAY
2405,AU=HİSAR OLCAY
2406,AU=KARAATLI OLCAY
2407,AU=KURŞUN OLCAY
2408,AU=SİNAN OLCAY
2409,AU=HAMZAOĞLU ONUR
2410,AU=NANE ONUR
2411,AU=OKTAY ONUR
2412,AU=SÖKÜCÜ ORAL
2413,AU=ADIGÜZEL ORHAN
2414,AU=AKMAN ORHAN
2415,AU=ATEŞ ORHAN
2416,AU=BOZOĞLAN ORHAN
2417,AU=DOĞDU ORHAN
2418,AU=ER ORHAN
2419,AU=FİLİZ ORHAN
2420,AU=GÖZENELİ ORHAN
2421,AU=GÜNAY ORHAN
2422,AU=KARATAŞ ORHAN
2423,AU=KARPUZ ORHAN
2424,AU=KOÇAK ORHAN
2425,AU=SARIKAYA ORHAN
2426,AU=TEZCAN ORHAN
2427,AU=TOKGÖZ ORHAN
2428,AU=ÖZKAN ORHAN
2429,AU=ÇELTİKÇİ ORHAN
2430,AU=ÖZBEK ORHAN
2431,AU=ÜNAL ORHAN
2432,AU=ZORBA ORHAN
2433,AU=ALKILINÇ ORUÇ
2434,AU=ABALI OSMAN
2435,AU=ETÖZ OSMAN
2436,AU=BARAK OSMAN
2437,AU=BİLGEN OSMAN
2438,AU=BİLGİN OSMAN
2439,AU=CANKO OSMAN
2440,AU=CENET OSMAN
2441,AU=DOLU OSMAN
2442,AU=YILDIZ OSMAN
2443,AU=EĞRİ OSMAN
2444,AU=GENÇ OSMAN
2445,AU=GÖKALP OSMAN
2446,AU=GÜNER OSMAN
2447,AU=LEBLEBİCİOĞLU OSMAN
2448,AU=KABAKÇILI OSMAN
2449,AU=KARABACAK OSMAN
2450,AU=KULAK OSMAN
2451,AU=ORAL OSMAN
2452,AU=SALIŞ OSMAN
2453,AU=SULAK OSMAN
2454,AU=TEMİZÖZ OSMAN
2455,AU=TOPAÇ OSMAN
2456,AU=VIRIT OSMAN
2457,AU=YILDIRIM OSMAN
2458,AU=YÜKSEL OSMAN
2459,AU=ŞAHİN OSMAN
2460,AU=ÖZDEMİR OSMAN
2461,AU=ÜLKER OSMAN
2462,AU=ÜNAL OSMAN
2463,AU=ŞAHİN OSMAN
2464,AU=ŞİŞMAN OSMAN
2465,AU=SARI OYA
2466,AU=ALKOÇ OZAN
2467,AU=BALAKAN OZAN
2468,AU=YAY OZAN
2469,AU=ÖZEN OĞUZ
2470,AU=BURNAZ OĞUZ
2471,AU=CİNCİOĞLU OĞUZ
2472,AU=ERDOĞAN OĞUZ
2473,AU=KARAHAN OĞUZ
2474,AU=KAYMAKCI OĞUZ
2475,AU=TEKELİOĞLU OĞUZ
2476,AU=BAŞIBÜYÜK OĞUZHAN
2477,AU=DİNCEL OĞUZHAN
2478,AU=DEMİR OĞUZHAN
2479,AU=BUCAKTEPE PAKİZE
2480,AU=BAYRAM PARVANA
2481,AU=YALÇINOĞLU PELİN
2482,AU=ULUS PERVİN
2483,AU=SEKMEN PERİHAN
2484,AU=ECEVİTOĞLU PINAR
2485,AU=ÖZUĞUZ PINAR
2486,AU=ARSLAN RAMAZAN
2487,AU=BALCI RAMAZAN
2488,AU=BAŞTÜRK RAMAZAN
2489,AU=BOZKURT RAMAZAN
2490,AU=BÜYÜKKAYA RAMAZAN
2491,AU=DERDİMAN RAMAZAN
2492,AU=DAVRAN RAMAZAN
2493,AU=DURAN RAMAZAN
2494,AU=GÜLENDAM RAMAZAN
2495,AU=GÜN RAMAZAN
2496,AU=GÜNAY RAMAZAN
2497,AU=KARANFİL RAMAZAN
2498,AU=KAYIKCI RAMAZAN
2499,AU=KAYNAK RAMAZAN
2500,AU=KILIÇ RAMAZAN
2501,AU=KILIÇARSLAN RAMAZAN
2502,AU=KOCABAŞ RAMAZAN
2503,AU=KOZAN RAMAZAN
2504,AU=KURT RAMAZAN
2505,AU=MEMİŞOĞULLARI RAMAZAN
2506,AU=MERT RAMAZAN
2507,AU=TÜRKMEN RAMAZAN
2508,AU=USLU RAMAZAN
2509,AU=UYGUR RAMAZAN
2510,AU=YAĞCI RAMAZAN
2511,AU=YILDIZ RAMAZAN
2512,AU=ZENGİN RAMAZAN
2513,AU=ÇELİK RAMAZAN
2514,AU=ÇOŞKUN RAMAZAN
2515,AU=ŞANLI RAMAZAN
2516,AU=PARMAKSIZ RAMAZAN
2517,AU=AKKAYA RANA
2518,AU=KUTANİS RANA
2519,AU=MOHAMMAD RASHID
2520,AU=GÜL RAUF
2521,AU=KURT RAZİYE
2522,AU=KURTARAN RAİF
2523,AU=ATA RAŞİT
2524,AU=ERSOY RAŞİT
2525,AU=AKCAN RECEP
2526,AU=AKGEDİK RECEP
2527,AU=ALP RECEP
2528,AU=BAYRAM RECEP
2529,AU=BİLİCAN RECEP
2530,AU=BİRCAN RECEP
2531,AU=DEMİR RECEP
2532,AU=DOKUYUCU RECEP
2533,AU=DÜZGÜN RECEP
2534,AU=KARA RECEP
2535,AU=KILIÇ RECEP
2536,AU=KILIÇ RECEP
2537,AU=KOÇAK RECEP
2538,AU=KUTLUBAY RECEP
2539,AU=NİŞANCI RECEP
2540,AU=SÜTÇÜ RECEP
2541,AU=UYSAL RECEP
2542,AU=VARDİ RECEP
2543,AU=YENİTEPE RECEP
2544,AU=ÖZTAŞ RECEP
2545,AU=UYANÖZ REFİK
2546,AU=DEMİREL REHA
2547,AU=YILMAZ REHA
2548,AU=ALTIN REMZİ
2549,AU=GEMCİ REMZİ
2550,AU=YILMAZ REMZİ
2551,AU=YİĞİTER REMZİ
2552,AU=ÇATALBAŞ RESUL
2553,AU=OĞUREL REYHAN
2554,AU=ÜNLÜ REŞAT
2555,AU=ÖZARAS REŞAT
2556,AU=KÖKEN REŞİT
2557,AU=SAY RIDAVN
2558,AU=BAYIRLI RIDVAN
2559,AU=ÇİTİL RIDVAN
2560,AU=AKIŞ RIFAT
2561,AU=SEZER RIFAT
2562,AU=BAĞCI RIZA
2563,AU=GÜRBÜZ RIZA
2564,AU=KARAŞEN RIZA
2565,AU=ÇELİK ROMEDİ
2566,AU=HAYAT RÜSTEM
2567,AU=KURBAN RİFAT
2568,AU=LAÇİNER SAADET
2569,AU=KEKLİK SAADETİN
2570,AU=EYİGÜN SABRİ
2571,AU=HERGÜNER SABRİ
2572,AU=KAYA SABRİ
2573,AU=ZİNCİRKESER SABRİ
2574,AU=ALICI SABİHA
2575,AU=KUTLUHAN SABİT
2576,AU=KÖSE SACİT
2577,AU=SARI SADETTİN
2578,AU=BÜYÜKBAŞ SADIK
2579,AU=SÖĞÜT SADIK
2580,AU=UÇAR SADIK
2581,AU=SAĞLAM SADULLAH
2582,AU=KARAMAN SAFA
2583,AU=ŞEN SAFFET
2584,AU=KÖKSAL SAKIP
2585,AU=AKÇAY SALAHEDDİN
2586,AU=AKYEL SALİH
2587,AU=DEMİREL SALİH
2588,AU=GÖRGÜNOĞLU SALİH
2589,AU=KUK SALİH
2590,AU=MUTLU SALİH
2591,AU=OKUR SALİH
2592,AU=SEYHAN SALİH
2593,AU=TORUN SALİH
2594,AU=YALÇINBAŞ SALİH
2595,AU=YILDIRIM SALİH
2596,AU=YILMAZ SALİH
2597,AU=ÇELEBİOĞLU SALİH
2598,AU=ÇELİK SALİH
2599,AU=ÇOŞKUN SALİH
2600,AU=ÖZ SALİH
2601,AU=ÖZGÖÇMEN SALİH
2602,AU=İLHAN SALİH
2603,AU=İNAL SALİH
2604,AU=KARATAY SALİHA
2605,AU=DÖNMEZ SALİM
2606,AU=YÜCE SALİM
2607,AU=ŞAHİN SALİM
2608,AU=KUVAT SAMET
2609,AU=ÖZER SAMET
2610,AU=KARAHAN SAMİ
2611,AU=TABAN SAMİ
2612,AU=BULUT SANCAR
2613,AU=TEKİN SATI
2614,AU=ALPAY SAVAŞ
2615,AU=AÇIKKAYA SAVAŞ
2616,AU=ÖZSU SAVAŞ
2617,AU=KARABULUT SAVAŞ
2618,AU=KURT SAVAŞ
2619,AU=SARIKAYA SAVAŞ
2620,AU=ALĞAN SAİD
2621,AU=ALMA SAİDE
2622,AU=ARI SAİM
2623,AU=BAŞKAN SAİM
2624,AU=ALAN SAİT
2625,AU=ERER SAİT
2626,AU=SAN SAİT
2627,AU=TÜZEL SAİT
2628,AU=ÇELİK SAİT
2629,AU=AKKAYA SEBAHAT
2630,AU=TURGUT SEBAHAT
2631,AU=AĞLADIOĞLU SEBAHAT
2632,AU=ALBAYRAK SEBAHATTİN
2633,AU=GÜLTEKİN SEBAHATTİN
2634,AU=TAŞ SEBAHATTİN
2635,AU=ÇELİK SEBAT
2636,AU=ÖZKAN SEBİHA
2637,AU=AZAKLI SEDA
2638,AU=BOZGİL SEDA
2639,AU=ÖZBEK SEDA
2640,AU=AKAR SEDAT
2641,AU=TUNCEL SEDAT
2642,AU=ATMACA SEDAT
2643,AU=AĞAN SEDAT
2644,AU=GÜVEN SEDAT
2645,AU=KARABULUT SEDAT
2646,AU=KILINÇASLAN SEDAT
2647,AU=LAÇİNER SEDAT
2648,AU=MOTOR SEDAT
2649,AU=TELÇEKEN SEDAT
2650,AU=YUMUŞAK SEDAT
2651,AU=ÇETİN SEDAT
2652,AU=BAYHAN SEDEN
2653,AU=AKKÜÇÜK SEEÇKİN
2654,AU=DÜNDAR SEFA
2655,AU=GÜLTÜRK SEFA
2656,AU=SEKİN SEFA
2657,AU=BİLGİN SEFAİ
2658,AU=KULA SEHER
2659,AU=ALBAYRAK SELAHATTİN
2660,AU=BEKMEZ SELAHATTİN
2661,AU=EROL SELAHATTİN
2662,AU=TURAN SELAHATTİN
2663,AU=ÇİTÇİ SELAHATTİN
2664,AU=ÖZÇELİK SELAHATTİN
2665,AU=DUMAN SELAMİ
2666,AU=DUMAN SELAMİ
2667,AU=ERDOĞAN SELEME
2668,AU=SİNAN SELMA
2669,AU=YAZICI SELMA
2670,AU=UĞUZ SELMAN
2671,AU=KELEKÇİ SELVİ
2672,AU=AKBAŞ SELÇUK
2673,AU=AKTÜRK SELÇUK
2674,AU=ERKAYA SELÇUK
2675,AU=KARA SELÇUK
2676,AU=KAYA SELÇUK
2677,AU=KERVAN SELÇUK
2678,AU=REİS SELÇUK
2679,AU=TOPRAK SELÇUK
2680,AU=UYGUN SELÇUK
2681,AU=UÇAR SELÇUK
2682,AU=YAVUZ SELÇUK
2683,AU=YILDIRIM SELÇUK
2684,AU=ÇOLAKOĞLU SELÇUK
2685,AU=İLHAN SELÇUK
2686,AU=BOZKURT SELİM
2687,AU=DOĞANAY SELİM
2688,AU=KORTUNAY SELİM
2689,AU=YILMAZ SELİM
2690,AU=EREN SELİM
2691,AU=ERGÜL SELİM
2692,AU=TOKMAK SELİM
2693,AU=UZUNOĞLU SELİM
2694,AU=ÇAKMAKLI SELİM
2695,AU=ÖZDEMİR SELİM
2696,AU=ÖZEN SELİM
2697,AU=KORTUNAY SEMRA
2698,AU=ÇELİK SEMRA
2699,AU=AFYON SEMİH
2700,AU=ARICI SEMİH
2701,AU=BİLGE SEMİH
2702,AU=ÇEKİÇ SEMİN
2703,AU=ÖNCÜ SEMİRAL
2704,AU=ARASAN SERACETTİN
2705,AU=SİMAVLI SERAP
2706,AU=ŞAHİN SERAP
2707,AU=YILDIRIM SERAP
2708,AU=BİLİCİ SERBEST
2709,AU=BALCI SERDAL
2710,AU=AKTAŞ SERDAR
2711,AU=ATILGAN SERDAR
2712,AU=AZTEKİN SERDAR
2713,AU=BALCI SERDAR
2714,AU=BEKTAŞ SERDAR
2715,AU=GÜVENÇ SERDAR
2716,AU=DEĞİRMENCİOĞLU SERDAR
2717,AU=ORUÇ SERDAR
2718,AU=SAKİN SERDAR
2719,AU=TOKER SERDAR
2720,AU=BAYRAKTAR SERDAR
2721,AU=ÖZKASAP SERDAR
2722,AU=ÖZTUZCU SERDAR
2723,AU=ÜLKER SERDAR
2724,AU=ŞIVGIN SERDAR
2725,AU=AYDIN SERGÜLEN
2726,AU=DERİN SERHAN
2727,AU=DEMİRER SERHAT
2728,AU=ERCAN SERHAT
2729,AU=MERTOĞLU SERHAT
2730,AU=TANIK SERHAT
2731,AU=AYDIN SERKAN
2732,AU=BALTA SERKAN
2733,AU=BAYRAKTAROĞLU SERKAN
2734,AU=BOYAR SERKAN
2735,AU=ELÇİN SERKAN
2736,AU=ERDAL SERKAN
2737,AU=KARATAŞ SERKAN
2738,AU=KIRBAŞ SERKAN
2739,AU=KURTGÖZ SERKAN
2740,AU=PERKMEN SERKAN
2741,AU=ÇAKIR SERKAN
2742,AU=ÖZTÜRK SERKAN
2743,AU=ŞAHİN SERKAN
2744,AU=ŞENOL SERKAN
2745,AU=ALTAY SERPİL
2746,AU=KOCAMAN SERPİL
2747,AU=YAĞCI SERVER
2748,AU=DEMİR SERVET
2749,AU=KAÇAR SEVAL
2750,AU=BULDUK SEVDA
2751,AU=SEZER SEVGİ
2752,AU=YUCA SEVİL
2753,AU=GÖKSÜGÜR SEVİL
2754,AU=KAMALI SEVİL
2755,AU=ÖZEN SEVİLAY
2756,AU=BERTLEK SEYDİ
2757,AU=OKUMUŞ SEYDİ
2758,AU=KÖKLÜ SEYFETTİN
2759,AU=TÜRKMEN SEYFULLAH
2760,AU=EMİR SEYFİ
2761,AU=SARGIN SEYİT
2762,AU=KÖSE SEYİT
2763,AU=DELİDUMAN SEYİTHAN
2764,AU=ÇAKMAK SEYİTHAN
2765,AU=APİLİOĞULLARI SEZA
2766,AU=KALAFAT SEZAİ
2767,AU=TEMELLİ SEZAİ
2768,AU=ŞAŞMAZ SEZAİ
2769,AU=OCAK SEZEN
2770,AU=KISA SEZER
2771,AU=ÖZSOY SEÇKİN
2772,AU=ARSLAN SIDDIK
2773,AU=KUTSAL SIDDIK
2774,AU=MALKOÇ SIDDIK
2775,AU=BAYTAK SITKI
2776,AU=DUMAN SITKI
2777,AU=ERMİŞ SITKI
2778,AU=ÇORBACIOĞLU SITKI
2779,AU=AKKOÇ SONER
2780,AU=GİREN SONGÜL
2781,AU=ACAR SRDAR
2782,AU=AŞKIN SUAT
2783,AU=KESKİN SUAT
2784,AU=SOYDEMİR SUAT
2785,AU=ZEYREK SUAT
2786,AU=BİŞKİN SULTAN
2787,AU=KABA SULTAN
2788,AU=KURT SULTAN
2789,AU=BAŞAK SUNA
2790,AU=SAÇAN SUNAY
2791,AU=SAÇAR SUZAN
2792,AU=YAZICI SUZAN
2793,AU=KARAKUŞ SUZAN
2794,AU=AYHAN SUZİ
2795,AU=ARSLAN SÖNMEZ
2796,AU=PAMUK SÖNMEZ
2797,AU=DİKİCİ SÜBER
2798,AU=ZOROĞLU SÜLEMAN
2799,AU=ÇARSANCAKLI SÜLEYMAN
2800,AU=ALTINTAŞ SÜLEYMAN
2801,AU=AYDIN SÜLEYMAN
2802,AU=AYVAZ SÜLEYMAN
2803,AU=BAŞLAR SÜLEYMAN
2804,AU=BÖREKÇİ SÜLEYMAN
2805,AU=BÜYÜKBERBER SÜLEYMAN
2806,AU=CENGİZ SÜLEYMAN
2807,AU=CENKCİ SÜLEYMAN
2808,AU=DEMİR SÜLEYMAN
2809,AU=DEMİRCİ SÜLEYMAN
2810,AU=ERCAN SÜLEYMAN
2811,AU=GÖREN SÜLEYMAN
2812,AU=SEVİLGEN SÜLEYMAN
2813,AU=ŞAHİN SÜLEYMAN
2814,AU=KAHRAMAN SÜLEYMAN
2815,AU=KARACELİL SÜLEYMAN
2816,AU=KARSLI SÜLEYMAN
2817,AU=KAVAK SÜLEYMAN
2818,AU=KIZIL SÜLEYMAN
2819,AU=SARIBAŞ SÜLEYMAN
2820,AU=SEMİZ SÜLEYMAN
2821,AU=SEYDİ SÜLEYMAN
2822,AU=TERZİOĞLU SÜLEYMAN
2823,AU=SİVRİ SÜLEYMAN
2824,AU=TÜRK SÜLEYMAN
2825,AU=ULUTÜRK SÜLEYMAN
2826,AU=YAZAR SÜLEYMAN
2827,AU=YÜKSEL SÜLEYMAN
2828,AU=ÇAKICI SÜLEYMAN
2829,AU=ÇELİK SÜLEYMAN
2830,AU=ÖZEREN SÜLEYMAN
2831,AU=ÜLGER SÜLEYMAN
2832,AU=İÇ SÜLEYMAN
2833,AU=ŞİMŞEK SÜLEYMAN
2834,AU=KOÇTÜRK SÜMEYRA
2835,AU=BAHŞİ SÜMEYYE
2836,AU=KARACABEY SÜREYYA
2837,AU=ÜNAL SÜZAN
2838,AU=AYIK SİBEL
2839,AU=DOĞRU SİBEL
2840,AU=DİKMEN SİBEL
2841,AU=PERÇİNEL SİBEL
2842,AU=AYDIN SİNAN
2843,AU=KOCAMAN SİNAN
2844,AU=SARISOY SİNAN
2845,AU=TAN SİNAN
2846,AU=TOZOĞLU SİNAN
2847,AU=TÜNCEL SİNAN
2848,AU=ULU SİNAN
2849,AU=YAŞAR SİNAN
2850,AU=YÖRÜK SİNAN
2851,AU=ÇİFTÇİ SİNAN
2852,AU=ÇİTÇİ SİNAN
2853,AU=ÖZGELEN SİNAN
2854,AU=KÖSEOĞLU SİNEM
2855,AU=GOKÇESID SİNEM
2856,AU=AZERİ SİYAVEŞ
2857,AU=YILDIRIM TACETTİN
2858,AU=ÖRNEK TACETTİN
2859,AU=KARAMAN TAHA
2860,AU=BOYRAZ TAHSİN
2861,AU=DELİÇAY TAHSİN
2862,AU=SÖĞÜT TAHSİN
2863,AU=YAKUT TAHSİN
2864,AU=YILDIRIM TAHSİN
2865,AU=AYATA TAHİR
2866,AU=SEVİNÇ TAHİR
2867,AU=ÖZKAN TAHİR
2868,AU=ARTUN TALAT
2869,AU=KAHYAOĞLU TALİP
2870,AU=ÇEVİK TALİP
2871,AU=ALIŞKAN TAMER
2872,AU=BAŞKAL TAMER
2873,AU=UÇAR TAMER
2874,AU=ÇOŞKUN TAMER
2875,AU=UYSAL TANCAN
2876,AU=ARSLAN TANER
2877,AU=TOPAL TANER
2878,AU=ÖZBENLİ TANER
2879,AU=ULUÇAY TARIK
2880,AU=KORUCU TAYFUN
2881,AU=KOÇ TAYLAN
2882,AU=KARGIN TAYYİBE
2883,AU=ÖZDEŞ TAŞKIN
2884,AU=İNAN TAŞKIN
2885,AU=BAĞLAM TEKİN
2886,AU=TAŞ TEKİN
2887,AU=BAYRAK TEMEL
2888,AU=DEMİREL TEOMAN
2889,AU=AYSU TEVFİK
2890,AU=DEMİRCİ TEVFİK
2891,AU=GÜNEŞ TEVFİK
2892,AU=ONGAN TEVFİK
2893,AU=PINAR TEVFİK
2894,AU=YAVUZ TEVFİK
2895,AU=ZİYPAK TEVFİK
2896,AU=DURNA TEZCAN
2897,AU=PARALI TEZCAN
2898,AU=ATAY TOLGA
2899,AU=KABACA TOLGA
2900,AU=TÖREN TOLGA
2901,AU=ARI TUBA
2902,AU=EJDER TUBA
2903,AU=KARABOĞA TUBA
2904,AU=KIYAN TUBA
2905,AU=TEMEL TUBA
2906,AU=AYTAÇ TUFAN
2907,AU=BAL TUFAN
2908,AU=KUZPINARI TUFAN
2909,AU=ATALAY TUGAY
2910,AU=ÖZGİŞİ TUNCA
2911,AU=DELİBAŞI TUNCAY
2912,AU=DURNA TUNCAY
2913,AU=KAMAŞ TUNCAY
2914,AU=KANER TUNCAY
2915,AU=DEMİR TUNCER
2916,AU=KILIÇ TUNCER
2917,AU=GEYİKLİ TURABİ
2918,AU=AKTAŞ TURAN
2919,AU=BATAR TURAN
2920,AU=KARACA TURAN
2921,AU=YAZICILAR TURAN
2922,AU=TEMUR TURAN
2923,AU=USLU TURAN
2924,AU=ÇALBAN TURAN
2925,AU=ÇELEB TURAN
2926,AU=IŞIK TURGAY
2927,AU=POLAT TURGAY
2928,AU=TAY TURGAY
2929,AU=TEKİNAY TURGAY
2930,AU=UNIVERSITYER TURGAY
2931,AU=YAZAR TURGAY
2932,AU=GÖKSU TURGUT
2933,AU=KOCATÜRK TURGUT
2934,AU=YELOĞLU TURGUT
2935,AU=GÜLSAR TUĞBA
2936,AU=SARIŞAHİN TUĞBA
2937,AU=YANIK TUĞRUL
2938,AU=BORAN TUĞÇE
2939,AU=YENİÇERİ TÜLAY
2940,AU=ÖZLÜ TÜLAY
2941,AU=SAĞLAM TÜLİN
2942,AU=GÜVEN TÜMER
2943,AU=SERT TİJEN
2944,AU=AYHAN TİMUR
2945,AU=KESKİNTÜRK TİMUR
2946,AU=TEZEL TİMUR
2947,AU=AYDOĞAN TİMUÇİN
2948,AU=DOĞUÇ UFUK
2949,AU=DURNA UFUK
2950,AU=TAŞ UFUK
2951,AU=ÖZUĞUZ UFUK
2952,AU=ÇAĞATAY ULUÇ
2953,AU=ARIÖZ UMUT
2954,AU=GÜLAÇTI UMUT
2955,AU=GÖLGE UMUT
2956,AU=ERDOĞAN UTKU
2957,AU=SAYIN UTKU
2958,AU=KERMAN UYSAL
2959,AU=ACAR UĞUR
2960,AU=BAYTUN UĞUR
2961,AU=CAMCI UĞUR
2962,AU=FIRAT UĞUR
2963,AU=GÖKTAŞ UĞUR
2964,AU=KADAK UĞUR
2965,AU=KARA UĞUR
2966,AU=KARAAĞAÇ UĞUR
2967,AU=KOLTUKSUZ UĞUR
2968,AU=YILDIRIM UĞUR
2969,AU=ÇAKIR UĞUR
2970,AU=ÇAKIR UĞUR
2971,AU=ÇOŞKUN UĞUR
2972,AU=ÇÖMLEKCİOĞLU UĞUR
2973,AU=ÖZCAN UĞUR
2974,AU=OĞUŞGİL VAHAP
2975,AU=OVACI VAHAP
2976,AU=SARIÇİÇEK VAHAP
2977,AU=AYTEKİN VAHİT
2978,AU=KAPLANOĞLU VAHİT
2979,AU=TANE VAHİT
2980,AU=ARSLAN VASFI
2981,AU=ARI VEDAT
2982,AU=BAL VEDAT
2983,AU=DAL VEDAT
2984,AU=DAVUTOĞLU VEDAT
2985,AU=DEMİR VEDAT
2986,AU=ÖZCAN VEDAT
2987,AU=KARTALCIK VEDAT
2988,AU=LAÇİNER VEDAT
2989,AU=KARSLI VEDAT
2990,AU=ŞİAP VEDAT
2991,AU=AKSOY VELİ
2992,AU=GÖRGEN VELİ
2993,AU=BERK VELİ
2994,AU=DENİZ VELİ
2995,AU=GÖK VELİ
2996,AU=KARAGÖZ VELİ
2997,AU=MERT VELİ
2998,AU=TÜRKMENOĞLU VELİ
2999,AU=UĞURCU VELİ
3000,AU=YILDIRIM VELİ
3001,AU=ÇAĞLAR VELİ
3002,AU=ÇITIŞLI VELİ
3003,AU=ÖZTÜRK VELİ
3004,AU=ASOĞLU VEYSEL
3005,AU=AYHAN VEYSEL
3006,AU=AĞCA VEYSEL
3007,AU=DEMİR VEYSEL
3008,AU=ERGİN VEYSEL
3009,AU=KUŞÇU VEYSEL
3010,AU=NARGÜL VEYSEL
3011,AU=OKUMUŞ VEYSİ
3012,AU=ÖNER VEYSİ
3013,AU=ÖZTÜRK VEYSİ
3014,AU=ERTÜRK VOLKAN
3015,AU=SOLMAZ VOLKAN
3016,AU=ŞENYÜREK VOLKAN
3017,AU=BOŞNAK VUSLAT
3018,AU=MOTOR VİCDAN
3019,AU=ZORBA YAHYA
3020,AU=YAŞAR YAHYA
3021,AU=ÇELİK YAHYA
3022,AU=İSLAMOĞLU YAHYA
3023,AU=EGERCİOĞLU YAKUP
3024,AU=GÖNEN YAKUP
3025,AU=KESKİN YAKUP
3026,AU=SEKMEN YAKUP
3027,AU=TÜRKEL YAKUP
3028,AU=UMUCU YAKUP
3029,AU=YILDIRIM YAKUP
3030,AU=BAY YALÇIN
3031,AU=BAŞ YALÇIN
3032,AU=GÖLÇÜK YALÇIN
3033,AU=YEŞİL YALÇIN
3034,AU=ÇÖPÜR YALÇIN
3035,AU=ALPER YASEMİN
3036,AU=BULUT YASEMİN
3037,AU=KAYMAKÇI YASEMİN
3038,AU=GÜLÜM YASEMİN
3039,AU=IŞIK YASEMİN
3040,AU=BALCI YASEMİN
3041,AU=KARACA YASEMİN
3042,AU=TEKİN YASEMİN
3043,AU=SOYORAL YASEMİN
3044,AU=ÖZGÜN YASEMİN
3045,AU=ABUL YASİN
3046,AU=ASLAN YASİN
3047,AU=ATAÇ YASİN
3048,AU=AVCI YASİN
3049,AU=BEZ YASİN
3050,AU=BULUT YASİN
3051,AU=KARADAĞ YASİN
3052,AU=KIRILMIŞ YASİN
3053,AU=SARI YASİN
3054,AU=SARIKAYA YASİN
3055,AU=KARAKUŞ YASİN
3056,AU=YAYLAR YASİN
3057,AU=GÜLEN YASİR
3058,AU=AKBAŞ YAVUZ
3059,AU=GÜNEŞ YAVUZ
3060,AU=KAPLAN YAVUZ
3061,AU=SALİHOĞLU YAVUZ
3062,AU=SELİM YAVUZ
3063,AU=TAMA YAVUZ
3064,AU=SOYDAN YAVUZ
3065,AU=UYAR YAVUZ
3066,AU=UĞURLU YAVUZ
3067,AU=ADIGÜZELLİ YAŞAR
3068,AU=BOYACI YAŞAR
3069,AU=DURMAZ YAŞAR
3070,AU=ERTÜRK YAŞAR
3071,AU=KARAASLAN YAŞAR
3072,AU=KOŞAR YAŞAR
3073,AU=USLU YAŞAR
3074,AU=ŞEKER YAŞAR
3075,AU=ŞEN YAŞAR
3076,AU=AYDIN YENER
3077,AU=AÇLAN YENER
3078,AU=ÖZTÜRK YENER
3079,AU=ÇEKİÇEL YEŞİM
3080,AU=KALKAN YILDIRAY
3081,AU=KESKİN YILDIRAY
3082,AU=ŞİŞMAN YILDIRAY
3083,AU=AKSOY YILMAZ
3084,AU=AKYÜZ YILMAZ
3085,AU=ARI YILMAZ
3086,AU=KAYA YILMAZ
3087,AU=KILIÇ YILMAZ
3088,AU=KIROĞLU YILMAZ
3089,AU=PALANCI YILMAZ
3090,AU=POLAT YILMAZ
3091,AU=POLAT YILMAZ
3092,AU=SAĞLAM YILMAZ
3093,AU=TURGUT YILMAZ
3094,AU=ZENGİN YILMAZ
3095,AU=ÖZMEN YILMAZ
3096,AU=AYATA YUNUS
3097,AU=DOĞAN YUNUS
3098,AU=EKİN YUNUS
3099,AU=UÇAN YUNUS
3100,AU=YANDI YUNUS
3101,AU=KARAKUYU YUNUS
3102,AU=YILMAZ YUNUS
3103,AU=UGAN YUNUS
3104,AU=YILDIRIM YUNUS
3105,AU=YILMAZ YUNUS
3106,AU=ÇENGELOĞLU YUNUS
3107,AU=ÖZKANLAR YUNUSEMRE
3108,AU=KARACA YUNİS
3109,AU=ARIKAN YUSUF
3110,AU=ATALAY YUSUF
3111,AU=AY YUSUF
3112,AU=AYDIN YUSUF
3113,AU=DEMİR YUSUF
3114,AU=DEMİR YUSUF
3115,AU=DENİZ YUSUF
3116,AU=ESER YUSUF
3117,AU=GÜNER YUSUF
3118,AU=GÜNEŞ YUSUF
3119,AU=KARAASLAN YUSUF
3120,AU=KESKİN YUSUF
3121,AU=KILINÇ YUSUF
3122,AU=KOÇ YUSUF
3123,AU=KOÇAK YUSUF
3124,AU=MACİT YUSUF
3125,AU=OYSAL YUSUF
3126,AU=PAÇAL YUSUF
3127,AU=SAĞIR YUSUF
3128,AU=SEZEN YUSUF
3129,AU=SOFUOĞLU YUSUF
3130,AU=SOYUPEK YUSUF
3131,AU=TAVİL YUSUF
3132,AU=TIRAŞÇI YUSUF
3133,AU=TOPAL YUSUF
3134,AU=TURAN YUSUF
3135,AU=AYDOĞDU YUSUF
3136,AU=YEŞİL YUSUF
3137,AU=YÜCEL YUSUF
3138,AU=AKPINAR YUSUF
3139,AU=İĞCİ YUSUF
3140,AU=ÇETİNDAĞ YUSUF
3141,AU=ÖZKAN YUSUF
3142,AU=ÖZÇOBAN YUSUF
3143,AU=ALİHANOĞLU YUSUF
3144,AU=ŞAHHİN YUSUF
3145,AU=ASLAN YÜCE
3146,AU=BAŞEĞİT YÜCEL
3147,AU=DEMİRCİ YÜCEL
3148,AU=DEMİRER YÜCEL
3149,AU=GÖNÜL YÜCEL
3150,AU=YAVUZ YÜCEL
3151,AU=ÇENESİZ YÜCEL
3152,AU=BÖLEK YÜKSEL
3153,AU=ELA YÜKSEL
3154,AU=IŞIK YÜKSEL
3155,AU=KORKMAZ YÜKSEL
3156,AU=KÖKSAL YÜKSEL
3157,AU=KÖSEOĞLU YÜKSEL
3158,AU=SAYAN YÜKSEL
3159,AU=TAŞKIN YÜKSEL
3160,AU=YILDIZ YÜKSEL
3161,AU=ÖZBAY YÜKSEL
3162,AU=ACER ZABİT
3163,AU=AKAN ZAFER
3164,AU=AKPINAR ZAFER
3165,AU=AYVAZ ZAFER
3166,AU=DOĞAN ZAFER
3167,AU=GÜRLER ZAFER
3168,AU=GÜZEY ZAFER
3169,AU=SARI ZAFER
3170,AU=UYAR ZAFER
3171,AU=YILDIZ ZAFER
3172,AU=YÖNDEN ZAFER
3173,AU=ÇETİNKAYA ZAFER
3174,AU=GÜL ZAKİR
3175,AU=KARADAĞ ZAKİR
3176,AU=EDİSAN ZEHRA
3177,AU=EKİNCİ ZEHRA
3178,AU=GÜL ZEHRA
3179,AU=HAŞILOĞLU ZEHRA
3180,AU=ERSÖZLÜ ZEHRA
3181,AU=YAŞAR ZEHRA
3182,AU=ŞENGÜL ZEHRA
3183,AU=AKMAN ZEKERİYA
3184,AU=DOĞRUYOL ZEKERİYA
3185,AU=KAYA ZEKERİYA
3186,AU=KÜÇÜKDURMAZ ZEKERİYA
3187,AU=ÜLGER ZEKERİYA
3188,AU=ARSLANOĞLU ZEKİ
3189,AU=DEMİRCİ ZEKİ
3190,AU=HALİS ZEKİ
3191,AU=KANAY ZEKİ
3192,AU=KARACA ZEKİ
3193,AU=KARAKAYA ZEKİ
3194,AU=TÜNAY ZEKİ
3195,AU=UYANIK ZEKİ
3196,AU=YILDIRIM ZEKİ
3197,AU=EKİNCİ ZELAL
3198,AU=ACAR ZELİHA
3199,AU=ETÖZ ZELİHA
3200,AU=KAYAALTI ZELİHA
3201,AU=GÜNEŞ ZELİHA
3202,AU=ZENGİNERLER ZEMİNE
3203,AU=ŞAHİN ZERRİN
3204,AU=İNCİ ZERİFE
3205,AU=BARKOT ZEYNEP
3206,AU=HATTATOĞLU ZEYNEP
3207,AU=EMEKSİZ ZEYNEP
3208,AU=GİNİŞ ZEYNEP
3209,AU=KIVILCIM ZEYNEP
3210,AU=AKKURT ZEYNEP
3211,AU=AKKILIK ZEYNEP
3212,AU=TAŞCI ZEYNEP
3213,AU=ATILGAN ZUHAL
3214,AU=TOKER ZUHAL
3215,AU=ULUKÖK ZÜBEYDE
3216,AU=BOZDAĞ ZÜBEYİR
3217,AU=KILIÇ ZÜBEYİR
3218,AU=ARIKANOĞLU ZÜLFÜ
3219,AU=BAYHAN ZÜLFÜ
3220,AU=BOZGEYİK ZÜLKİF
3221,AU=KAYA ZİYA
3222,AU=ÇETİNER ZİYA
3223,AU=ÖZKEÇECİ ZİYA
3224,AU=ŞEN ZİYA
3225,AU=AKTOP ZİYAEDDEİN
3226,AU=SUVARİ ÇAKIR
3227,AU=ÇETİNKAYA ÇAĞLAR
3228,AU=ŞAKALAR ÇAĞRI
3229,AU=DOĞAR ÇETİN
3230,AU=ERDOĞAN ÇETİN
3231,AU=KARACA ÇETİN
3232,AU=SÜMER ÇETİN
3233,AU=VEYSAL ÇETİN
3234,AU=DÜLGERGİL ÇORUH
3235,AU=ATALAY ÇİSE
3236,AU=YAMANER ÇİĞDEM
3237,AU=AKYOL ÖMER
3238,AU=ALICI ÖMER
3239,AU=AYDIN ÖMER
3240,AU=BAYRAK ÖMER
3241,AU=BAYRAM ÖMER
3242,AU=BAŞAR ÖMER
3243,AU=CEVİT ÖMER
3244,AU=DEMİRTAŞ ÖMER
3245,AU=DEMİRTAŞ ÖMER
3246,AU=EROĞLU ÖMER
3247,AU=EVİRGEN ÖMER
3248,AU=KÖKOĞLU ÖMER
3249,AU=SELAMET ÖMER
3250,AU=VURAL ÖMER
3251,AU=ÖZEKEN ÖMER
3252,AU=ÜNAL ÖMER
3253,AU=FARUKNOYAN ÖMER
3254,AU=GEÇİCİ ÖMER
3255,AU=KARAKAŞ ÖMER
3256,AU=KARATAŞ ÖMER
3257,AU=KURT ÖMER
3258,AU=MERMER ÖMER
3259,AU=PAMUK ÖMER
3260,AU=SAĞLAM ÖMER
3261,AU=SOLAK ÖMER
3262,AU=SOYKASAP ÖMER
3263,AU=ULUKAPI ÖMER
3264,AU=UYSAL ÖMER
3265,AU=UÇAR ÖMER
3266,AU=YAZGAN ÖMER
3267,AU=YILDIZ ÖMER
3268,AU=YILMAZ ÖMER
3269,AU=ÇAKIR ÖMER
3270,AU=ÇALKA ÖMER
3271,AU=ÇELİK ÖMER
3272,AU=ÖZBULUT ÖMER
3273,AU=ÖZKAN ÖMER
3274,AU=ŞAYLİ ÖMER
3275,AU=ŞİŞE ÖMER
3276,AU=AKCİ ÖNDER
3277,AU=BARLI ÖNDER
3278,AU=ERCAN ÖNDER
3279,AU=KARAKUŞ ÖNDER
3280,AU=YILDIZ ÖNDER
3281,AU=ÖZTÜRK ÖNDER
3282,AU=ŞAHİN ÖNDER
3283,AU=AYNIOĞLU ÖNER
3284,AU=ÖZKAN ÖZALKAN
3285,AU=GÜLEŞ ÖZAY
3286,AU=ASİLKAN ÖZCAN
3287,AU=DEVECİ ÖZCAN
3288,AU=OTKUN ÖZCAN
3289,AU=ÇAKIR ÖZCAN
3290,AU=ÖZEN ÖZCAN
3291,AU=ÖZTÜRK ÖZCAN
3292,AU=ÇETİN ÖZDEMİR
3293,AU=TALO ÖZER
3294,AU=KORKMAZ ÖZGEN
3295,AU=ALDEMİR ÖZGÜR
3296,AU=ARPACI ÖZGÜR
3297,AU=DEMİRTAŞ ÖZGÜR
3298,AU=ERAKKUŞ ÖZGÜR
3299,AU=KARABAĞ ÖZGÜR
3300,AU=MÜFTÜOĞLU ÖZGÜR
3301,AU=ÖZDAMAR ÖZGÜR
3302,AU=ÖZMEN ÖZGÜR
3303,AU=ÖZTÜRK ÖZGÜR
3304,AU=ÖZTÜRK ÖZGÜR
3305,AU=İLDEŞ ÖZGÜR
3306,AU=İLHAN ÖZGÜR
3307,AU=KAYACAN ÖZHAN
3308,AU=BAĞCI ÖZKAN
3309,AU=GÜNER ÖZKAN
3310,AU=VURAL ÖZKAN
3311,AU=ÇEĞİL ÖZKAN
3312,AU=ŞİMŞEK ÖZKAN
3313,AU=ABAKAY ÖZLEM
3314,AU=ALBAYRAK ÖZLEM
3315,AU=BİLGİÇ ÖZLEM
3316,AU=FEDAİ ÖZLEM
3317,AU=IŞIK ÖZLEM
3318,AU=AKKAR ÖZLEM
3319,AU=SOLAK ÖZLEM
3320,AU=ÇAKMAK ÖZLEM
3321,AU=ÇOŞKUN ÖZLEM
3322,AU=KARAKUŞ ÖZLEM
3323,AU=ÖZKAN ÖZLEM
3324,AU=ŞENGÜL ÖZLEM
3325,AU=KARAKOYUN ÖZÜR
3326,AU=ÇORUMLUOĞLU ÖZŞEN
3327,AU=TANÖR ÖĞET
3328,AU=DOĞANAY ÜLKÜ
3329,AU=ÖZAN ÜLKÜ
3330,AU=YAŞAR ÜLKÜHAN
3331,AU=AVŞAR ÜMMÜ
3332,AU=TOZOĞLU ÜMMÜHAN
3333,AU=DAĞLI ÜMMÜHAN
3334,AU=HARPUT ÜMMÜHAN
3335,AU=YILMAZ ÜMMİHAN
3336,AU=AVŞAR ÜMİT
3337,AU=BİÇER ÜMİT
3338,AU=GÜL ÜMİT
3339,AU=KARADEMİR ÜMİT
3340,AU=KOÇ ÜMİT
3341,AU=KURŞUN ÜMİT
3342,AU=ÇÖPOĞLU ÜMİT
3343,AU=TOTUR ÜMİT
3344,AU=YAŞAR ÜMİT
3345,AU=TEKELİOĞLU ÜMİT
3346,AU=ÖZKAN ÜMİT
3347,AU=İNAN ÜMİT
3348,AU=ŞENER ÜMİT
3349,AU=ADIGÜZEL ÜNAL
3350,AU=BİLİR ÜNAL
3351,AU=ULUCA ÜNAL
3352,AU=YILDIRIM ÜNAL
3353,AU=ZAL ÜNAL
3354,AU=ŞEN ÜNAL
3355,AU=ŞENEL ÜNAL
3356,AU=OGURLU ÜZEYİR
3357,AU=ALTUN İBRAHİM
3358,AU=AKPINAR İBRAHİM
3359,AU=ARSLAN İBRAHİM
3360,AU=BARAN İBRAHİM
3361,AU=BUDAK İBRAHİM
3362,AU=BİLGİN İBRAHİM
3363,AU=CAN İBRAHİM
3364,AU=DAMLAR İBRAHİM
3365,AU=DEMİR İBRAHİM
3366,AU=DORUK İBRAHİM
3367,AU=ERBAĞCI İBRAHİM
3368,AU=ERCAN İBRAHİM
3369,AU=ERDOĞAN İBRAHİM
3370,AU=EREN İBRAHİM
3371,AU=KARABABA İBRAHİM
3372,AU=HEPŞEN İBRAHİM
3373,AU=GELİNCİK İBRAHİM
3374,AU=GÜLER İBRAHİM
3375,AU=GÜNGÖR İBRAHİM
3376,AU=HABACI İBRAHİM
3377,AU=ÖZTÜRK İBRAHİM
3378,AU=TAŞDEMİR İBRAHİM
3379,AU=KAYA İBRAHİM
3380,AU=KELEŞ İBRAHİM
3381,AU=KIR İBRAHİM
3382,AU=ÖNAL İBRAHİM
3383,AU=KÖSE İBRAHİM
3384,AU=OCAK İBRAHİM
3385,AU=SARI İBRAHİM
3386,AU=ARDIÇ İBRAHİM
3387,AU=SÖNMEZ İBRAHİM
3388,AU=TEĞİN İBRAHİM
3389,AU=TOBİ İBRAHİM
3390,AU=TÜRKYILMAZ İBRAHİM
3391,AU=UÇAR İBRAHİM
3392,AU=YAKUT İBRAHİM
3393,AU=USLU İBRAHİM
3394,AU=ÇETİNER İBRAHİM
3395,AU=ÖZBEK İBRAHİM
3396,AU=KABOĞLU İBRAHİM
3397,AU=ÖZDOĞRU İBRAHİM
3398,AU=ÖZTÜRK İBRAHİM
3399,AU=ŞAHİN İBRAHİM
3400,AU=ŞAHİN İBRAHİM
3401,AU=ŞEHİTOĞLU İBRAHİM
3402,AU=İBRAHİMÖRÜNĞ İBRAHİMÖRÜNĞ
3403,AU=KÜÇÜKKIRCA İCLAL
3404,AU=BULUT İCLAL
3405,AU=ARDIÇ İDRİS
3406,AU=ARSLAN İDRİS
3407,AU=ERDEM İDRİS
3408,AU=SARI İDRİS
3409,AU=ÇERKEZ İDRİS
3410,AU=CEYLAN İDİL
3411,AU=ÇIRAK İFFET
3412,AU=ALUR İHSAN
3413,AU=BAKIR İHSAN
3414,AU=BAL İHSAN
3415,AU=BİRECİKLİ İHSAN
3416,AU=KIRIK İHSAN
3417,AU=AKPINAR İHSAN
3418,AU=SATIŞ İHSAN
3419,AU=TAŞKIN İHSAN
3420,AU=DOLAPCI İHSAN
3421,AU=YÜCE İHSAN
3422,AU=ÇAÇAN İHSAN
3423,AU=ÇELİK İHSAN
3424,AU=ÜNALDI İHSAN
3425,AU=ÜSTÜN İHSAN
3426,AU=ŞENTÜRK İHSAN
3427,AU=EGE İLHAMİ
3428,AU=SOLAK İLHAMİ
3429,AU=YÜKSEL İLHAMİ
3430,AU=ASİLTÜRK İLHAN
3431,AU=BÖLÜKOĞLU İLHAN
3432,AU=KARABIÇAK İLHAN
3433,AU=KAYA İLHAN
3434,AU=KAÇİRE İLHAN
3435,AU=PEKGÖZLÜ İLHAN
3436,AU=TAN İLHAN
3437,AU=TAPAN İLHAN
3438,AU=TOPUZ İLHAN
3439,AU=UZGEL İLHAN
3440,AU=BOZKURT İLKAY
3441,AU=BAYRAM İLKER
3442,AU=ŞEN İLKER
3443,AU=UĞULU İLKER
3444,AU=AYDINKAYA İLKER
3445,AU=EROL İLKNUR
3446,AU=IŞIK İLKNUR
3447,AU=DEMİR İMDAT
3448,AU=AKMAN İNCİ
3449,AU=ALTUNTAŞ İRFAN
3450,AU=ATEŞOĞLU İRFAN
3451,AU=AÇIKGÖZ İRFAN
3452,AU=BULU İRFAN
3453,AU=DEĞİRMENCİ İRFAN
3454,AU=ESER İRFAN
3455,AU=KOCA İRFAN
3456,AU=KUŞCU İRFAN
3457,AU=MUKUL İRFAN
3458,AU=UÇGUN İRFAN
3459,AU=YILMAZ İRFAN
3460,AU=ŞAKA İRFAN
3461,AU=ŞİAP İRFAN
3462,AU=BALDEMİR İSA
3463,AU=DÖNER İSA
3464,AU=SİYPAK İSA
3465,AU=TAŞDELEN İSHAK
3466,AU=PARMAKSIZ İSKENDER
3467,AU=ACAR İSMAİL
3468,AU=AKKAŞ İSMAİL
3469,AU=AKSOY İSMAİL
3470,AU=AKTAR İSMAİL
3471,AU=ALBAYRAK İSMAİL
3472,AU=ALTUNCU İSMAİL
3473,AU=ARSEL İSMAİL
3474,AU=ARSLAN İSMAİL
3475,AU=ERDEN İSMAİL
3476,AU=BOYACI İSMAİL
3477,AU=BOYRAZ İSMAİL
3478,AU=ÇAPAR İSMAİL
3479,AU=DEMİR İSMAİL
3480,AU=DOĞAN İSMAİL
3481,AU=GÜNEŞ İSMAİL
3482,AU=EREN İSMAİL
3483,AU=ERMİŞ İSMAİL
3484,AU=ERTÜRK İSMAİL
3485,AU=GÜL İSMAİL
3486,AU=GÜLCÜ İSMAİL
3487,AU=UZUN İSMAİL
3488,AU=UĞURTAŞ İSMAİL
3489,AU=KARA İSMAİL
3490,AU=KATI İSMAİL
3491,AU=KENAR İSMAİL
3492,AU=KURNAZ İSMAİL
3493,AU=KURT İSMAİL
3494,AU=KÖKSAL İSMAİL
3495,AU=KÜLAHLI İSMAİL
3496,AU=MANGALTEPE İSMAİL
3497,AU=MARULCU İSMAİL
3498,AU=METİN İSMAİL
3499,AU=DOĞAN İSMAİL
3500,AU=UCUN İSMAİL
3501,AU=ULUTAŞ İSMAİL
3502,AU=ULUÇAY İSMAİL
3503,AU=VANLI İSMAİL
3504,AU=YILDIZ İSMAİL
3505,AU=YÜKSEL İSMAİL
3506,AU=ÇAKIR İSMAİL
3507,AU=UYSAL İSMAİL
3508,AU=ÖZDEMİR İSMAİL
3509,AU=ÖZTÜRK İSMAİL
3510,AU=ŞAHİN İSMAİL
3511,AU=ŞAHİN İSMAİL
3512,AU=ŞENER İSMAİL
3513,AU=AKÇA İSMET
3514,AU=BAŞARAN İSMET
3515,AU=BİNER İSMET
3516,AU=DURAN İSMET
3517,AU=GÖÇER İSMET
3518,AU=ÖZDEMİR İSMET
3519,AU=ÖZTÜRK İSMET
3520,AU=ŞANLI İSMET
3521,AU=BABACAN İSRAFİL
3522,AU=DÖŞ İZZET
3523,AU=LOFÇA İZZET
3524,AU=ÇİÇEKBİLEK İZZET
3525,AU=GÜÇLÜ ŞABAN
3526,AU=TEZCAN ŞABAN
3527,AU=ÇETİN ŞABAN
3528,AU=AYDIN ŞADİ
3529,AU=BARANOĞLU ŞAHİN
3530,AU=BATMAZ ŞAKİR
3531,AU=YILMAZ ŞAZİYE
3532,AU=AKSOY ŞEFİKA
3533,AU=EKİM ŞEFİKA
3534,AU=KARACA ŞEMSETTİN
3535,AU=ULUSAL ŞEMSETTİN
3536,AU=ŞAHİN ŞEMSETTİN
3537,AU=KARABUĞA ŞEMİSTAN
3538,AU=TAŞDEMİR ŞENER
3539,AU=ULUDAĞ ŞENER
3540,AU=ÇELİK ŞENGÜL
3541,AU=ŞİŞE ŞENGÜL
3542,AU=ÖZDEMİR ŞENNUR
3543,AU=OKAY ŞENOL
3544,AU=AYKUT ŞEREF
3545,AU=KURT ŞEREF
3546,AU=OKUDUCU ŞEREF
3547,AU=OLĞAR ŞEREF
3548,AU=POYRAZ ŞEREF
3549,AU=YÜKSEL ŞEREF
3550,AU=ŞİMŞEK ŞEREF
3551,AU=TUNA ŞERİF
3552,AU=KAHRAMAN ŞERİF
3553,AU=AKALIN ŞERİFE
3554,AU=ALTINDAĞ ŞERİFE
3555,AU=ÖZLEN ŞERİFE
3556,AU=ARIKAN ŞEVKET
3557,AU=ATA ŞEVKET
3558,AU=CİVELEK ŞEVKET
3559,AU=TÜYLÜOĞLU ŞEVKET
3560,AU=TARIM ŞEYDA
3561,AU=ARI ŞEYHMUS
3562,AU=YAVUZ ŞEYMA
3563,AU=CİVİTCİ ŞULE
3564,AU=ATALAY ŞULE
3565,AU=ÜLGER ŞÜKRAN
3566,AU=ARSLAN ŞÜKRÜ
3567,AU=DÜZGÜN ŞÜKRÜ
3568,AU=BOYLU ŞÜKRÜ
3569,AU=KARAKAYA ŞÜKRÜ
3570,AU=KILIÇ ŞÜKRÜ
3571,AU=TAKTAK ŞÜKRÜ
3572,AU=ÇAKMAKTEPE ŞÜKRÜ
3573,AU=HİSAR ŞÜKRİYE
3574,AU=KARADAŞ ŞÜKRİYE
